DATE,AIRCRAFT MAKE & MODEL,AIRCRAFT IDENT,ROUTE OF FLIGHT,Legs,DURATION,LANDINGS DAY,LANDINGS NIGHT,INSTRUMENT,SIMULATED INSTRUMENT,APPROACHES & TYPE,NIGHT,SIMULATOR,CROSS COUNTRY,SOLO,PILOT IN COMMAND,SECOND IN COMMAND,DUAL,INSTRUCTOR,FLIGHT COST,EXPENSES,Fuel (gal)
1994-11-05,C150M,N9392U,BED BED,1,0.7,1,,,,,,,,,,,0.7,,,,
1995-01-05,C150M,N9392U,BED BED,1,1.2,1,,,,,,,,,,,1.2,,,,
1995-01-08,C152,N69252,BED BED,1,1.1,1,,,,,,,,,,,1.1,,,,
1995-01-11,C152,N69252,BED BED,1,0.8,2,,,,,,,,,,,0.8,,,,
1995-01-27,C152,N69252,BED BED,1,1,1,,,,,,,,,,,1,,,,
1995-01-28,C152,N69252,BED BED,1,1.2,1,,,,,,,,,,,1.2,,,,
1995-01-29,C152,N69252,BED BED,1,1.1,1,,,,,,,,,,,1.1,,,,
1995-02-01,C152,N69252,BED BED,1,0.8,1,,,,,,,,,,,0.8,,,,
1995-02-03,C152,N69252,BED BED,1,1,4,,,0.3,,,,,,,,1,,,,
1995-02-09,C152,N69252,BED BED,1,1.1,4,,,,,,,,,,,1.1,,,,
1995-02-10,C152,N69252,BED 6B6 BED,1,1.2,3,,,,,,,,,,,1.2,,,,
1995-02-14,C152,N69252,BED BED,1,1.1,11,,,,,,,,,,,1.1,,,,
1995-02-17,C152,N69252,BED BED,1,1,9,,,,,,,,,,,1,,,,
1995-02-17,C152,N69252,BED BED,1,0.4,2,,,,,,,,,,,0.4,,,,
1995-02-18,C152,N69252,BED BED,1,1,6,,,,,,,,,0.6,,0.4,,,,
1995-02-20,C152,N69252,BED BED,1,0.9,8,,,,,,,,,,,0.9,,,,
1995-02-25,C152,N69252,BED BED,1,0.8,7,,,,,,,,,,,0.8,,,,
1995-02-26,C152,N69252,BED BED,1,1.6,4,,,0.3,,,,,,,,1.6,,,,
1995-03-03,C152,N69252,BED BED,1,1.1,4,,,,,,,,,,,1.1,,,,
1995-03-04,C152,N69252,BED LWM BED,1,1.2,,5,,,,1.2,,,,,,1.2,,,,
1995-03-05,C152,N69252,BED BED,1,0.4,3,,,,,,,,,,,0.4,,,,
1995-03-05,C152,N69252,BED BED,1,0.9,7,,,,,,,,,0.9,,,,,,
1995-03-08,C152,N69252,BED BED,1,1.1,15,,,,,,,,,1.1,,,,,,
1995-03-10,C152,N69252,BED LWM BED,1,0.8,4,,,,,,,,,,,0.8,,,,
1995-03-11,C152,N69252,BED LWM BED,1,1.5,6,,,,,,,,,1.5,,,,,,
1995-03-18,C152,N69252,BED BED,1,1.4,2,,,,,,,,,,,1.4,,,,
1995-03-19,C152,N69252,BED LWM BED,1,1.7,5,,,,,,,,,1.7,,,,,,
1995-03-20,C152,N69252,BED BED,1,1.2,13,,,,,,,,,1.2,,,,,,
1995-03-26,C152,N69252,BED 0B5 ORH BED,1,2,3,,,,,,,2,,,,2,,,,
1995-03-27,C152,N69252,BED BED,1,1.1,13,,,,,,,,,1.1,,,,,,
1995-03-29,C152,N69252,BED PWM BED,1,2.4,2,,,0.4,,,,2.4,,,,2.4,,,,
1995-04-02,C152,N69252,BED SFM BED,1,1.9,2,,,,,,,1.9,,1.9,,,,,,
1995-04-07,C152,N69252,BED BAF EEN BED,1,2.9,3,,,,,,,2.9,,2.9,,,,,,
1995-04-07,C152,N69252,BED BED,1,0.9,,3,,,,0.9,,,,,,0.9,,,,
1995-04-10,C172M,N5260R,BED LWM BED,1,1.2,2,,,,,,,,,,,1.2,,,,
1995-04-20,C172M,N5260R,BED MHT BED,1,1.7,,8,,,,1.7,,,,,,1.7,,,,
1995-04-23,C152,N69252,BED ALB POU HVN BED,1,5.2,4,,,,,,,5.2,,5.2,,,,,,
1995-04-25,C152,N69252,BED B09 BED,1,1,2,,,,,,,,,,,1,,,,
1995-04-28,C152,N69252,BED BED,1,0.6,6,,,,,,,,,,,0.6,,,,
1995-04-29,C152,N69252,BED BED,1,1,9,,,,,,,,,1,,,,,,
1995-05-01,C152,N69252,BED 3B3 BED,1,1.6,2,,,0.9,,,,,,,,1.6,,,,
1995-05-02,C152,N69252,BED BED,1,1.4,1,,,,,,,,,1.4,,,,,,
1995-05-05,C152,N69252,BED OWD BED,1,1.2,4,,,,,,,,,,,1.2,,,,
1995-05-06,C152,N69252,BED BED,1,1,6,,,0.5,,,,,,,,1,,,,
1995-05-07,C152,N69252,BED BED,1,0.8,10,,,,,,,,,0.8,,,,,,
1995-05-09,C152,N69252,BED BED,1,0.8,10,,,,,,,,,0.8,,,,,,
1995-05-10,C152,N69252,BED BED,1,1.5,2,,,0.2,,,,,,1.5,,,,,,
1995-05-14,C152,N69252,BED LCI LEB EEN BED,1,4.3,5,,,,,,,4.3,,4.3,,,,,,
1995-05-20,C152,N69252,BED ASH BED,1,1.4,,6,,,,1.4,,,,1.4,,,,,,
1995-05-21,C152,N69252,BED 1B2 HYA PVC BED,1,3.6,4,,,,,,,3.6,,3.6,,,,,,
1995-05-23,C152,N69252,BED BED,1,1.3,1,,,,,,,,,1.3,,,,,,
1995-05-26,C152,N757KF,BED BED,1,0.9,3,,,,,,,,,0.9,,0.9,,,,
1995-05-27,C152,N94272,BED BED,1,1.8,3,,,,,,,,,1.8,,,,,,
1995-06-04,C152,N69252,BED BAF PSF BED,1,3,3,,,,,,,3,,3,,,,,,
1995-06-15,C152,N69252,BED 6B6 BED,1,1.3,5,,,,,,,,,1.3,,,,,,
1995-06-16,C152,N69252,BED LWM 2B2 BED,1,1.2,4,,,,,,,,,1.2,,,,,,
1995-06-17,C152,N69252,BED ASH  BED,1,1.1,4,,,,,,,,,1.1,,,,,,
1995-06-18,C172M,N92747,BED BED,1,1.2,3,,,,,,,,,1.2,,1.2,,,,
1995-06-22,C172M,N92747,BED FIT 6B6 BED,1,1.2,,4,,,,1.2,,,,1.2,,,,,,
1995-06-23,C172M,N92747,BED ISP IJD BED,1,4,4,,,,,,,4,,4,,,,,,
1995-06-24,C172M,N92747,BED LCI 8B8 CON BED,1,2,4,,,,,,,2,,2,,,,,,
1995-06-28,PA28-161,N3203Q,BED LWM BED,1,1.1,3,,,,,,,,,1.1,,1.1,,,,
1995-06-29,PA28-161,N3203Q,BED LWM ASH BED,1,1.4,5,,,,,,,,,1.4,,,,,,
1995-06-30,PA28-161,N3203Q,BED LWM BED,1,1.4,8,,,,,,,,,1.4,,,,,,
1995-07-07,PA28-161,N3203Q,BED BED,1,1.6,3,,,,,,,,,1.6,,,,,,
1995-07-16,PA28-161,N3203Q,BED PSM BED,1,1.8,,3,,,,1.8,,1.8,,1.8,,,,,,
1995-07-20,PA28-161,N3203Q,BED LEW BED,1,2.6,,2,,,,0.7,,2.6,,2.6,,,,,,
1995-07-24,PA28-161,N3203Q,BED PVC,1,0.9,1,,,,,,,0.9,,0.9,,,,,,
1995-07-24,PA28-161,N3203Q,PVC BED,1,1,,2,,,,1,,1,,1,,,,,,
1995-08-01,PA28-161,N3203Q,BED BED,1,0.9,8,,,,,,,,,0.9,,,,,,
1995-08-08,PA28-161,N3203Q,BED 0B5 BED,1,1.8,3,1,,,,0.2,,1.8,,1.8,,,,,,
1995-08-11,PA28-161,N3203Q,BED 1B6 6B6 BED,1,1.1,3,,,,,,,,,1.1,,,,,,
1995-08-27,PA28-161,N3203Q,BED BID BED,1,2.4,3,,,,,,,2.4,,2.4,,,,,,
1995-08-31,PA28-161,N3203Q,BED EEN BED,1,1.5,3,,,,,,,1.5,,1.5,,,,,,
1995-09-01,PA28-151,N32146,BED LCI BED,1,2,3,,,,,,,2,,2,,,,,,
1995-09-18,PA28-161,N3203Q,BED EEN BED,1,2.1,2,,,1.4,3,,,2.1,,2.1,,,,,,
1995-09-20,PA28-161,N3203Q,BED BED,1,1.3,1,,,1.1,,,,,,1.3,,1.3,,,,
1995-09-26,ATC-610,N7610J,-,1,,,,,,,,0.6,,,,,,,,,
1995-09-26,ATC-610,N7610J,-,1,,,,,,,,1.1,,,,,,,,,
1995-09-26,ATC-610,N7610J,-,1,,,,,,,,1.1,,,,,,,,,
1995-09-26,ATC-610,N7610J,-,1,,,,,,,,1.8,,,,,,,,,
1995-10-08,PA28-151,N44438,BED RUT,1,1.5,1,,,,,,,1.5,,1.5,,,,,,
1995-10-08,PA28-151,N44438,RUT EEN,1,0.5,1,,,,,,,0.5,,0.5,,,,,,
1995-10-08,PA28-151,N44438,EEN BED,1,0.9,1,,,,,,,0.9,,0.9,,,,,,
1995-10-10,ATC-610,N7610J,-,1,,,,,,,,1.3,,,,,,,,,
1995-10-15,PA28-140,N4872T,BED BED,1,2.2,,,,,,,,,,2.2,,,,,,
1995-11-05,PA28-151,N44438,BED BED,1,1.4,,3,,1,,1.4,,,,1.4,,1.4,,,,
1995-11-06,PA28-140,N4872T,BED TEB,1,1.4,,,,,,1.4,,,,1.4,,,,,,
1995-11-06,PA28-140,N4872T,TEB BED,1,1.3,,1,,1,,1.3,,1.3,,1.3,,,,,,
1995-11-07,ATC-610,N7610J,-,1,,,,,,,,1.1,,,,,,,,,
1995-11-10,ATC-610,N7610J,-,1,,,,,,,,1.1,,,,,,,,,
1995-11-12,ATC-610,N7610J,-,1,,,,,,,,0.9,,,,,,,,,
1995-11-18,PA28-181,N2231Y,BED MHT BED,1,1.5,,3,0.4,,2,0.9,,,,1.5,,1.5,,,,
1995-11-20,ATC-610,N7610J,-,1,,,,,,,,0.9,,,,,,,,,
1995-11-22,PA28-181,N2231Y,BED ORH,1,0.5,1,,,,,,,,,0.5,,,,,,
1995-11-26,PA28-151,N44438,BED BED,1,2.3,,1,,2.1,1,0.5,,,,2.3,,2.3,,,,
1995-11-30,PA28-151,N44438,BED BED,1,1.7,,1,,1.5,1,1.7,,,,1.7,,1.7,,,,
1995-12-04,PA28-151,N44438,BED BED,1,1.5,,1,,1.4,1,1.5,,,,1.5,,1.5,,,,
1995-12-07,PA28-151,N44438,BED BED,1,2.2,,1,,1.7,2,2.2,,,,2.2,,,,,,
1995-12-28,C172N,N6168F,CUB CUB,1,0.5,4,,,,,,,,,0.5,,,,,,
1995-12-29,C172N,N6168F,CUB GRD CUB,1,2.4,3,,,,,,,2.4,,2.4,,,,,,
1996-01-01,PA28-151,N44438,BED BED,1,1.7,1,,,1.5,2,,,,,1.7,,1.7,,,,
1996-01-07,PA28-151,N44438,BED BED,1,2,1,,,1.8,3,,,,,2,,2,,,,
1996-01-14,PA28-151,N44438,BED BED,1,1.2,1,,,1,3,,,,,1.2,,1.2,,,,
1996-01-20,PA28-161,N3572M,BED BED,1,2.3,1,,,2.1,3,,,,,2.3,,2.3,,,,
1996-01-21,PA28-161,N3572M,BED BED,1,1.7,1,,,1.5,3,,,,,1.7,,1.7,,,,
1996-01-28,PA28-161,N3572M,BED BED,1,1.7,1,,,1.5,2,,,,,1.7,,1.7,,,,
1996-02-03,PA28-151,N44438,BED BED,1,1.8,1,,,1.6,3,,,,,1.8,,,,,,
1996-02-04,PA28-161,N3572M,BED BED,1,1.5,1,,,1.3,3,,,,,1.5,,1.5,,,,
1996-02-10,PA28-151,N44438,BED BED,1,2.5,2,,,2.3,5,,,2.5,,2.5,,,,,,
1996-02-11,PA28-151,N44438,BED BED,1,2,,3,,1.5,4,1,,,,2,,,,,,
1996-02-11,PA28-140,N4872T,BED BED,1,1.1,,,,,,1.1,,,,1.1,,,,,,
1996-02-18,PA28-151,N44438,BED BED,1,1.6,1,,,1.4,3,,,,,1.6,,1.6,,,,
1996-02-23,PA28-151,N44438,BED PWM BED,1,2.5,2,,,2.3,3,,,2.5,,2.5,,2.5,,,,
1996-02-24,PA28-161,N3572M,BED BID BDR BED,1,4.8,2,,0.9,3.7,3,,,4.8,,3.9,,4.8,,,,
1996-03-01,PA28-140,N4872T,BED BED,1,0.5,,,,,,0.5,,,,0.5,,,,,,
1996-03-02,PA28-151,N44438,BED EWB BED,1,1.5,1,,1,0.4,2,,,1.5,,0.5,,1.5,,,,
1996-03-04,PA28-151,N44438,BED BED,1,1.4,,1,,1.2,3,1.4,,,,1.4,,1.4,,,,
1996-03-09,PA28-151,N44438,BED BED,1,2.1,1,,,1.9,4,,,,,2.1,,2.1,,,,
1996-03-10,PA28-161,N3572M,BED EEN BED,1,2.4,2,,,1.8,2,,,2.4,,2.4,,2.4,,,,
1996-03-12,PA28-161,N3572M,BED MHT BED,1,1.8,2,,,1.6,3,,,,,1.8,,1.8,,,,
1996-03-14,PA28-161,N3572M,BED LWM,1,1.6,1,,,1.4,3,,,,,1.6,,,,,,
1996-03-17,PA28-161,N3572M,BED EWB BED,1,1.6,,2,,,,0.6,,1.6,,1.6,,,,,,
1996-03-30,PA28-151,N44438,BED DXR OXC BED,1,4.8,,3,,,,1.9,,4.8,,4.8,,,,,,
1996-04-06,PA28-151,N44438,BED BED,1,1.5,1,,0.6,0.7,4,,,,,1.5,,,,,,
1996-04-19,PA28-161,N3572M,BED PVC BED,1,1.8,1,1,,,,0.9,,1.8,,1.8,,,,,,
1996-04-28,PA28-151,N44438,BED BED,1,1.1,1,,,,,,,,,1.1,,,,,,
1996-05-05,PA28-161,N3572M,BED BED,1,0.9,,3,,,,0.9,,,,0.9,,,,,,
1996-05-14,PA28-151,N44438,BED BED,1,1.7,1,,,1.4,4,,,,,1.7,,,,,,
1996-05-14,PA28-140,N4872T,BED BED,1,1,,,,,,1,,,,1,,,,,,
1996-05-23,PA28-161,N3572M,BED PVC BED,1,1.8,2,,,,,,,1.8,,1.8,,,,,,
1996-06-08,PA28-151,N44438,BED MVY BED,1,2.2,2,,0.7,0.2,1,,,2.2,,2.2,,,,,,
1996-06-09,PA28-151,N44438,BED MHT BED,1,1.6,1,,1.5,,4,,,,,1.6,,,,,,
1996-06-22,PA28-151,N44438,BED MVY,1,1,1,,0.2,,1,,,1,,1,,,,,,
1996-06-23,PA28-151,N44438,MVY BED,1,1.4,2,,,,,,,1.4,,1.4,,,,,,
1996-07-05,PA28-151,N6910J,BED ACK BED,1,2.4,1,1,,,,0.1,,2.4,,2.4,,,,,,
1996-07-07,PA28-151,N44438,BED PVC BED,1,1.5,2,,,,,,,1.5,,1.5,,,,,,
1996-07-24,PA28-151,N44438,BED LCI BED,1,1.9,2,,,1.7,4,,,1.9,,1.9,,,,,,
1996-07-28,PA28-151,N44438,BED BID BED,1,2.1,3,,,,,,,2.1,,2.1,,,,,,
1996-07-31,PA28-151,N44438,BED LWM BED,1,1.2,1,,0.9,,3,,,,,1.2,,,,,,
1996-08-09,PA28-151,N44438,BED MVY BED,1,2.3,2,,0.3,,1,,,2.3,,2.3,,,,,,
1996-08-17,PA28-151,N44438,BED DXR,1,1.4,1,,,,,,,1.4,,1.4,,,,,,
1996-08-18,PA28-151,N44438,DXR BED,1,1.3,1,,0.3,,,,,1.3,,1.3,,,,,,
1996-08-25,PA28-151,N44438,BED BED,1,0.5,,3,,,,0.5,,,,0.5,,,,,,
1996-08-30,PA28-151,N44438,BED AVP,1,2.4,1,,0.1,,1,,,2.4,,2.4,,,,,,
1996-08-30,PA28-151,N44438,AVP LBE,1,1.8,1,,0.3,,,,,1.8,,1.8,,,,,,
1996-08-31,PA28-151,N44438,LBE LBE,1,1,1,,,,,,,,,1,,,,,,
1996-09-02,PA28-151,N44438,LBE AVP,1,1.9,1,,,,,,,1.9,,1.9,,,,,,
1996-09-02,PA28-151,N44438,AVP BED,1,2.5,,1,,,,0.1,,2.5,,2.5,,,,,,
1996-09-20,PA28-151,N40857,BED WST,1,1,1,,,,,,,1,,1,,,,,,
1996-10-03,PA28-151,N40857,OWD BED,1,0.8,1,,,,,,,,,0.8,,,,,,
1996-10-04,PA28-151,N40857,BED LCI BED,1,2,1,1,,,,0.9,,2,,2,,,,,,
1996-10-05,PA28-151,N40857,BED PVC BED,1,1.8,1,1,,,,1,,1.8,,1.8,,,,,,
1996-10-07,PA28-151,N40857,BED RUT BED,1,2.5,1,1,,,,0.3,,2.5,,2.5,,,,,,
1996-10-09,PA28-151,N40857,BED 6B6 BED,1,0.7,4,,,,,,,,,0.7,,,,,,
1996-10-12,PA28-151,N40857,BED EEN AFN BED,1,1.7,2,1,,,,0.5,,1.7,,1.7,,,,,,
1996-10-13,PA28-151,N40857,BED BED,1,0.8,1,,,,,,,,,0.8,,,,,,
1996-10-14,PA28-151,N40857,BED ASH BED,1,1.3,,1,,1.1,3,1.3,,,,1.3,,,,,,
1996-10-15,PA28-151,N40857,BED WST,1,0.9,1,,,,,,,0.9,,0.9,,,,,,
1996-10-17,PA28-151,N40857,WST BED,1,0.8,,1,,,,0.1,,0.8,,0.8,,,,,,
1996-10-18,PA28-151,N40857,BED WST BED,1,1.6,2,,,,,,,1.6,,1.6,,,,,,
1996-10-22,PA28-151,N40857,BED BED,1,0.8,1,,,,,,,,,0.8,,,,,,
1996-10-24,PA28-151,N40857,BED PVC BED,1,1.7,1,1,,,,0.9,,1.7,,1.7,,,,,,
1996-10-25,PA28-151,N40857,BED ASH BED,1,0.8,,2,,,,0.8,,,,0.8,,,,,$1.99,
1996-10-26,PA28-151,N40857,BED LDJ,1,1.9,1,,,,,,,1.9,,1.9,,,,,,
1996-10-26,PA28-151,N40857,LDJ BED,1,1.9,,1,,,,1.9,,1.9,,1.9,,,,,,
1996-10-27,PA28-151,N40857,BED 0B8 BED,1,1.9,,2,,,,1.1,,1.9,,1.9,,,,,,
1996-10-29,PA28-151,N40857,BED ASH BED,1,0.8,,2,,,,0.8,,,,0.8,,,,,,
1996-11-01,PA28-151,N40857,BED BED,1,0.4,2,,,,,,,,,0.4,,,,,,
1996-11-02,PA28-151,N40857,BED WST,1,0.9,1,,,,,,,0.9,,0.9,,,,,,
1996-11-06,PA28-151,N40857,WST BED,1,0.8,1,,,,,,,0.8,,0.8,,,,,,
1996-11-10,PA28-151,N40857,BED AQW ASH 6B6 FIT BED,1,2.9,5,,,,,,,2.9,,2.9,,,,,,
1996-11-11,PA28-151,N40857,BED WST BED,1,1.8,2,,,,,,,1.8,,1.8,,,,,,
1996-11-12,PA28-151,N40857,BED FIT ASH BED,1,1.4,,3,,,,1.2,,,,1.4,,,,,,
1996-11-13,PA28-151,N40857,BED CON BED,1,2.5,,1,,2.2,4,2.5,,,,2.5,,,,,,
1996-11-16,PA28-151,N40857,BED ASH BHB,1,2.5,2,,,,,,,2.5,,2.5,,,,,,
1996-11-17,PA28-151,N40857,BHB BED,1,2,1,,,,,,,2,,2,,,,,,
1996-11-18,PA28-151,N40857,BED PVC BED ASH BED,1,2.2,1,3,,,,1.4,,2.2,,2.2,,,,,,
1996-11-23,PA28-151,N40857,BED MVY BED,1,2.1,1,3,,,,0.4,,2.1,,2.1,,,,,,
1996-11-24,PA28-151,N40857,BED 6B6 ASH BED,1,1.2,,6,,,,1.2,,,,1.2,,,,,,
1996-11-28,PA28-151,N40857,BED 6B6 ORE OB5 BED,1,1.9,6,,,,,,,1.9,,1.9,,,,,,
1996-11-29,PA28-151,N40857,BED WST BED,1,1.8,2,,,,,,,1.8,,1.8,,,,,,
1996-11-30,PA28-151,N40857,BED ASH 6B6 BED,1,1.5,7,,,,,,,,,1.5,,,,,,
1996-12-03,PA28-151,N40857,BED 6B6 BED,1,1,4,3,,,,1,,,,1,,,,,,
1996-12-05,PA28-151,N40857,BED BVY BED,1,1.5,,1,,1.3,3,1.5,,,,1.5,,,,,,
1996-12-10,PA28-151,N40857,BED BED,1,1.1,,12,,,,1.1,,,,1.1,,,,,,
1996-12-18,PA28-151,N40857,BED WST BED,1,2.6,,2,0.6,,2,0.5,,2.6,,2.6,,,,,,
1996-12-21,PA28-151,N40857,BED ACK PVC BED,1,2.7,2,1,,,,0.3,,2.7,,2.7,,,,,,
1996-12-28,PA28-151,N40857,BED WST BED,1,2.3,2,,0.1,1.6,2,,,2.3,,2.3,,,,,,
1996-12-29,PA28-151,N40857,BED EWB BED,1,1.4,1,,0.4,,,,,1.4,,1.4,,,,,,
1996-12-30,PA28-151,N40857,BED BED,1,0.8,,4,,,,0.8,,,,0.8,,,,,,
1997-01-01,PA28-151,N40857,BED LCI BED,1,1.9,1,1,,,,0.9,,1.9,,1.9,,,,,,
1997-01-04,PA28-151,N40857,BED WST BED,1,2,2,,0.1,,,,,2,,2,,,,,,
1997-01-09,PA28-151,N40857,BED 6B6 ASH BED,1,1.4,4,,,,,,,,,1.4,,,,,,
1997-01-11,PA28-151,N40857,BED PVC,1,0.7,1,,,,,,,0.7,,0.7,,,,,,
1997-01-12,PA28-151,N40857,PVC BED,1,1,1,,,,,,,1,,1,,,,,,
1997-01-13,PA28-151,N40857,BED 1B9 1B6 ORH BED,1,1.5,4,2,,,,1.3,,,,1.5,,,,,,
1997-01-18,PA28-151,N40857,BED 6B1 SFM 6B6 BED,1,1.9,4,,,,,,,1.9,,1.9,,,,,,
1997-01-19,PA28-151,N40857,BED WST,1,0.8,1,,,,,,,0.8,,0.8,,,,,,
1997-01-21,PA28-140,N4872T,WST BED,1,1,1,,,,,,,1,,1,,,,,,
1997-02-02,PA28-151,N40857,WST 0B8 6B6 EEN BED,1,3.1,2,3,,,,1.5,,3.1,,3.1,,,,,,
1997-02-06,PA28-151,N40857,BED ASH OWD BED,1,1.9,,4,,,,1.9,,,,1.9,,,,,,
1997-02-07,PA28-151,N40857,BED WST BED,1,1.8,2,,,,,,,1.8,,1.8,,,,,,
1997-02-09,PA28-151,N40857,BED 6B6 BTV 6B6 LWM BED,1,4.4,3,2,,,,0.6,,4.4,,4.4,,,,,,
1997-02-10,PA28-151,N40857,BED PSM 6B1 CON BED,1,2.6,,2,,2.3,6,2.6,,2.6,,2.6,,,,,,
1997-02-13,PA28-151,N40857,BED WST BED,1,1.9,2,,,,,,,1.9,,1.9,,,,,,
1997-02-13,PA28-151,N40857,BED SFZ BED,1,1.5,,2,,,,1.5,,,,1.5,,,,,,
1997-02-15,PA28-151,N40857,BED PVC BED,1,1.7,2,,,,,,,1.7,,1.7,,,,,,
1997-02-16,PA28-151,N40857,BED BED,1,0.6,1,,,,,,,,,0.6,,,,,,
1997-02-17,PA28-151,N40857,BED AQW BED,1,2.2,2,,,,,,,2.2,,2.2,,,,,,
1997-02-18,PA28-151,N40857,BED ORH BED,1,1.3,,2,,,,1.3,,,,1.3,,,,,,
1997-02-20,PA28-151,N40857,BED CON MHT ORH BED,1,2.6,,2,,2,4,1.9,,,,2.6,,,,,,
1997-02-22,PA28-151,N40857,BED BED,1,0.5,1,,,,,,,,,0.5,,,,,,
1997-02-23,PA28-151,N40857,BED SCH BED,1,2.9,2,,,,,,,2.9,,2.9,,,,,,
1997-02-25,PA28-151,N40857,BED BED,1,3.7,,1,,,,3.7,,,,3.7,,,,,,
1997-02-28,PA28-151,N40857,BED EEN BED,1,1.4,,2,,,,1.4,,1.4,,1.4,,,,,,
1997-03-01,PA28-151,N40857,BED LWM BED,1,1.4,1,,0.2,,2,,,,,1.4,,,,,,
1997-03-02,PA28-151,N40857,BED OWD WST,1,1.3,,2,,,,1.3,,1.3,,1.3,,,,,,
1997-03-07,PA28-151,N40857,WST BED,1,1.1,1,,,,,,,1.1,,1.1,,,,,,
1997-03-08,PA28-151,N40857,BED BED,1,0.9,1,,0.7,,2,,,,,0.9,,,,,,
1997-03-09,PA28-151,N40857,BED B09 6B6 MA07 PYM 3B2 PVC CQX BED,1,3.5,9,,,,,,,3.5,,3.5,,,,,,
1997-03-13,PA28-151,N40857,BED BED,1,1.1,1,,,,,,,,,1.1,,,,,,
1997-03-13,PA28-151,N40857,BED WST PVC BED,1,2.7,,3,,,,2.7,,2.7,,2.7,,,,,,
1997-03-16,PA28-151,N40857,BED 6B6 FIT BED,1,1.1,3,,,,,,,,,1.1,,,,,,
1997-03-19,PA28-151,N40857,BED ILG,1,3.1,,1,0.6,,,2.1,,3.1,,3.1,,,,,,
1997-03-20,PA28-151,N40857,ILG PTB,1,2,1,,0.1,,,,,2,,2,,,,,,
1997-03-20,PA28-151,N40857,PTB CUB,1,2.6,1,,,,,,,2.6,,2.6,,,,,,
1997-03-23,PA28-151,N40857,CUB FFA MQI,1,2.6,2,,,,,,,2.6,,2.6,,,,,,
1997-03-23,PA28-151,N40857,MQI HPN,1,3.5,,1,,,,0.5,,3.5,,3.5,,,,,,
1997-03-23,PA28-151,N40857,HPN BED,1,1.4,,1,,,,1.4,,1.4,,1.4,,,,,,
1997-03-27,PA28-151,N40857,BED 6B6 BED,1,1.7,5,,,,,,,,,1.7,,,,,,
1997-03-28,PA28-151,N40857,BED ACK PVC BED,1,2.6,3,,,,,,,2.6,,2.6,,,,,,
1997-03-29,PA28-151,N40857,BED LWM BED,1,1.5,1,,1.2,,4,,,,,1.5,,,,,,
1997-04-04,PA28-151,N40857,BED WST OWD BED,1,2.6,,3,,1.2,3,1.6,,2.6,,2.6,,,,,,
1997-04-05,PA28-151,N40857,BED MTP WST BED,1,2.5,3,,,,,,,2.5,,2.5,,,,,,
1997-04-09,PA28-151,N40857,BED FIT BED,1,1.2,4,,,,,,,,,1.2,,,,,,
1997-04-10,PA28-151,N40857,BED 3B3 GDM EEN BED,1,1.7,4,,,,,,,1.7,,1.7,,,,,,
1997-04-12,PA28-151,N40857,BED WST,1,1.2,1,,0.5,,1,,,1.2,,1.2,,,,,,
1997-04-17,PA28-151,N40857,BED AVP,1,2.6,1,,0.5,,1,,,2.6,,2.6,,,,,,
1997-04-17,PA28-151,N40857,AVP LBE,1,2.2,1,,0.3,,1,,,2.2,,2.2,,,,,,
1997-04-17,PA28-151,N40857,LBE ISZ,1,2.9,1,,1.5,,,,,2.9,,2.9,,,,,,
1997-04-20,PA28-151,N40857,ISZ LBE,1,2.3,1,,0.1,,,,,2.3,,2.3,,,,,,
1997-04-21,PA28-151,N40857,LBE AVP,1,1.9,1,,0.8,,,,,1.9,,1.9,,,,,,
1997-04-21,PA28-151,N40857,AVP BED,1,2.1,1,,0.1,,,,,2.1,,2.1,,,,,,
1997-04-22,PA28-151,N40857,BED MA08 3B0 PMX 8B5 BED,1,1.6,5,,,,,,,1.6,,1.6,,,,,,
1997-04-23,PA28-151,N40857,BED 7B2 GBR BED,1,2.4,3,,,,,,,2.4,,2.4,,,,,,
1997-04-25,PA28-151,N40857,BED TEB,1,2,1,,0.1,,,,,2,,2,,,,,,
1997-04-25,PA28-151,N40857,TEB BED,1,1.8,1,,,,,,,1.8,,1.8,,,,,,
1997-04-27,PA28-151,N40857,BED TEB BED,1,3.5,2,,,,,,,3.5,,3.5,,,,,,
1997-04-29,PA28-151,N40857,BED OWD WST BED,1,2,3,,,,,,,2,,2,,,,,,
1997-04-30,PA28-151,N40857,BED 8B8 LCI BED,1,2.3,2,1,,,,0.2,,2.3,,2.3,,,,,,
1997-05-04,PA28-151,N40857,BED UUU 5B6 PVC BED,1,2.6,4,1,,,,1,,2.6,,2.6,,,,,,
1997-05-05,PA28-151,N40857,BED FIT EEN BED,1,1.6,5,,,,,,,1.6,,1.6,,,,,,
1997-05-05,PA28-151,N40857,BED OXC BED,1,3.9,,2,,,,1.5,,3.9,,3.9,,,,,,
1997-05-08,PA28-151,N40857,BED 6B6 BED,1,0.7,4,,,,,,,,,0.7,,,,,,
1997-05-08,PA28-151,N40857,BED 6B6 BED,1,0.6,,4,,,,0.6,,,,0.6,,,,,,
1997-05-09,PA28-151,N40857,BED CON BED,1,1.9,1,2,1.5,,4,0.4,,,,1.9,,,,,,
1997-05-13,PA28-151,N40857,BED FIT 6B6 BED,1,1,5,,,,,,,,,1,,,,,,
1997-05-14,PA28-151,N40857,BED 6B6 BED,1,0.6,2,,,,,,,,,0.6,,,,,,
1997-05-15,PA28-151,N40857,BED 6B6 BED,1,0.4,,2,,,,0.4,,,,0.4,,,,,,
1997-05-18,PA28-151,N40857,BED EVY,1,3.1,1,,,,,,,3.1,,3.1,,,,,$2.00,
1997-05-18,PA28-151,N40857,EVY 2N9,1,2.9,1,,,,,,,2.9,,2.9,,,,,$1.60,
1997-05-18,PA28-151,N40857,2N9 CUB,1,2.1,1,,,,,,,2.1,,2.1,,,,,,
1997-05-20,PA28-151,N40857,CUB 27J CUB,1,1.3,2,,,,,,,,,1.3,,,,,$1.60,
1997-05-21,PA28-151,N40857,CUB ACJ,1,2.2,1,,,,,,,2.2,,2.2,,,,,,
1997-05-21,PA28-151,N40857,ACJ DTS,1,1.7,1,,0.1,,,,,1.7,,1.7,,,,,,
1997-05-25,PA28-151,N40857,DTS DTS,1,1.1,1,,,,,,,,,1.1,,,,,,
1997-05-28,PA28-151,N40857,DTS MCN,1,2.2,1,,0.1,,,,,2.2,,2.2,,,,,,
1997-05-28,PA28-151,N40857,MCN CUB,1,1.8,1,,,,,,,1.8,,1.8,,,,,,
1997-05-29,PA28-151,N40857,CUB CAE 27J FDW CUB,1,1.7,4,,,,,,,,,1.7,,,,,,
1997-05-31,PA28-151,N40857,CUB 2N9,1,1.9,1,,,,,,,1.9,,1.9,,,,,,
1997-05-31,PA28-151,N40857,2N9 EVY,1,2.3,1,,,,,,,2.3,,2.3,,,,,,
1997-05-31,PA28-151,N40857,EVY BED,1,2.7,1,,0.1,,,,,2.7,,2.7,,,,,,
1997-06-01,PA28-151,N40857,BED PVC BED,1,2.1,2,,1.5,,2,,,2.1,,2.1,,,,,,
1997-06-02,PA28-151,N40857,BED LCI BED,1,2.1,1,1,,,,0.2,,2.1,,2.1,,,,,,
1997-06-04,PA28-151,N40857,BED PVC PYM BED,1,2.3,5,,,,,,,2.3,,2.3,,,,,,
1997-06-06,PA28-151,N40857,BED BID RI04 BED,1,2.1,3,,,,,,,2.1,,2.1,,,,,,
1997-06-07,PA28-151,N40857,BED BDL BED,1,1.9,2,,,,,,,1.9,,1.9,,,,,,
1997-06-08,PA28-151,N40857,BED BDL 4B6 BED,1,3.8,3,,,,,,,3.8,,3.8,,,,,,
1997-06-09,PA28-151,N40857,BED 8B2 HIE NH08 BED,1,3.2,3,1,,,,0.5,,3.2,,3.2,,,,,,
1997-06-10,PA28-151,N40857,BED 6B6 BED,1,0.7,6,,,,,,,,,0.7,,,,,,
1997-06-12,PA28-151,N40857,BED PVC 3B2 BED,1,1.9,3,,,,,,,1.9,,1.9,,,,,,
1997-06-13,PA28-151,N40857,BED BED,1,0.6,5,,,,,,,,,0.6,,,,,,
1997-06-15,PA28-151,N40857,BED 6B6,1,0.7,4,,,,,,,,,0.7,,,,,,
1997-06-16,PA28-151,N40857,6B6 MHT 6B6,1,1,2,,,,,,,,,1,,,,,,
1997-06-17,PA28-151,N40857,6B6 BED,1,0.3,1,,,,,,,,,0.3,,,,,,
1997-06-17,PA28-151,N40857,BED BVY 2B2 6B6,1,1.4,6,,,,,,,,,1.4,,,,,,
1997-06-19,PA28-151,N40857,6B6 BED 6B6 FIT 6B6,1,1.1,4,1,,,,0.1,,,,1.1,,,,,,
1997-06-20,PA28-151,N40857,BED WST,1,0.8,1,,,,,,,0.8,,0.8,,,,,,
1997-06-20,PA28-151,N40857,WST 8B8 6B6,1,2.2,2,,,,,,,2.2,,2.2,,,,,,
1997-06-21,PA28-151,N40857,6B6 1B2 6B6,1,2.1,2,,,,,,,2.1,,2.1,,,,,,
1997-06-22,PA28-151,N40857,6B6 BED 6B6,1,0.7,3,1,,,,0.2,,,,0.7,,,,,,
1997-06-23,PA28-151,N40857,6B6 VSF CNH 6B6,1,2,3,,,,,,,2,,2,,,,,,
1997-06-24,PA28-151,N40857,6B6 BED 1B9 BED,1,1.3,5,,,,,,,,,1.3,,,,,,
1997-06-27,PA28-151,N40857,BED TAN EWB BED,1,1.6,3,,,,,,,1.6,,1.6,,,,,,
1997-06-28,PA28-151,N40857,6B6 WST BED,1,1.6,2,,,,,,,1.6,,1.6,,,,,$1.80,
1997-06-28,PA28-151,N40857,BED 6B6,1,0.3,1,,,,,,,,,0.3,,,,,,
1997-06-29,PA28-151,N40857,6B6 GFL,1,1.2,1,,,,,,,1.2,,1.2,,,,,,
1997-06-29,PA28-151,N40857,GFL 6B6 BED,1,1.3,2,,,,,,,1.3,,1.3,,,,,,
1997-06-30,PA28-151,N40857,BED 6B6,1,0.3,,1,,,,0.3,,,,0.3,,,,,,
1997-07-01,PA28-151,N40857,6B6 WST BED,1,1.6,2,,,,,,,1.6,,1.6,,,,,,
1997-07-01,PA28-151,N40857,BED 5M6 8B1 BED,1,1.4,3,,,,,,,,,1.4,,,,,,
1997-07-05,PA28-151,N40857,BED PVC BED,1,1.7,2,,,,,,,1.7,,1.7,,,,,,
1997-07-06,PA28-151,N40857,BED MVY,1,1.4,1,,,,,,,1.4,,1.4,,,,,,
1997-07-06,PA28-151,N40857,MVY BID WST BED,1,4.1,3,,,,,,,4.1,,4.1,,,,,,
1997-07-10,PA28-151,N40857,BED HFD 22B 4B8 MMK 3B9 42B 9B1 BED,1,3,8,,,,,,,3,,3,,,,,,
1997-07-11,PA28-151,N40857,BED 8B8 BED,1,1.9,1,1,,,,0.1,,1.9,,1.9,,,,,,
1997-07-14,PA28-151,N40857,BED B19 3B4 BED,1,1.9,3,,,,,,,1.9,,1.9,,,,,,
1997-07-14,PA28-151,N40857,BED ORH BED,1,0.9,2,,,,,,,,,0.9,,,,,,
1997-07-15,PA28-151,N40857,BED BED,1,1.3,1,,1.2,,3,,,,,1.3,,,,,,
1997-07-17,PA28-151,N40857,BED ORH 6B6,1,0.9,2,,,,,,,,,0.9,,,,,,
1997-07-18,PA28-151,N40857,6B6 EEN 6B6,1,1.4,2,,,,,,,1.4,,1.4,,,,,,
1997-07-20,PA28-151,N40857,6B6 GFL,1,1.3,1,,,,,,,1.3,,1.3,,,,,,
1997-07-20,PA28-151,N40857,GFL 5B2 AFN 6B6,1,1.7,3,,,,,,,1.7,,1.7,,,,,,
1997-07-22,PA28-151,N40857,6B6 BED,1,0.3,1,,,,,,,,,0.3,,,,,,
1997-07-23,PA28-151,N40857,BED PVC BED,1,1.9,1,1,,,,0.5,,1.9,,1.9,,,,,,
1997-07-24,PA28-151,N40857,BED FIT 0B5 BED,1,1.4,3,,,,,,,1.4,,1.4,,,,,,
1997-07-28,PA28-151,N40857,BED 6B6,1,0.3,1,,,,,,,,,0.3,,,,,,
1997-07-29,PA28-151,N40857,6B6 WST BED,1,1.7,2,,,,,,,1.7,,1.7,,,,,,
1997-07-30,PA28-151,N40857,BED WST BID BED,1,2.5,2,3,,,,1.2,,2.5,,2.5,,,,,,
1997-07-31,PA28-151,N40857,BED HTO WST BED,1,2.5,1,2,,,,1.1,,2.5,,2.5,,,,,,
1997-08-04,PA28-151,N40857,BED PVC,1,0.9,1,,0.4,,1,,,0.9,,0.9,,,,,,
1997-08-04,PA28-151,N40857,PVC 3B2 BED,1,1.4,2,,0.5,,1,,,1.4,,1.4,,,,,,
1997-08-05,PA28-151,N40857,BED 6B6 BED,1,1,5,,,,,,,,,1,,,,,,
1997-08-07,PA28-151,N40857,BED CQX,1,0.9,1,,,,,,,0.9,,0.9,,,,,,
1997-08-07,PA28-151,N40857,CQX BED,1,1,,1,,,,0.8,,1,,1,,,,,,
1997-08-08,PA28-151,N40857,BED 5B3 IJD BED,1,1.7,3,,,,,,,1.7,,1.7,,,,,,
1997-08-08,PA28-151,N40857,BED WST BID,1,1.1,2,,,0.6,,,,1.1,,1.1,,,,,,
1997-08-08,PA28-151,N40857,BID BED,1,0.9,,1,,,,0.9,,0.9,,0.9,,,,,,
1997-08-10,PA28-151,N40857,BED 6B6,1,0.4,1,,,,,,,,,0.4,,,,,,
1997-08-11,PA28-151,N40857,6B6 WST BED,1,1.7,2,,,,,,,1.7,,1.7,,,,,,
1997-08-12,PA28-151,N40857,BED GBR BED,1,2.3,1,1,,,,1.1,,2.3,,2.3,,,,,,
1997-08-13,PA28-151,N40857,BED LWM BED,1,0.6,3,,,,,,,,,0.6,,,,,,
1997-08-14,PA28-151,N40857,BED EEN BED,1,1.4,1,1,,,,0.4,,1.4,,1.4,,,,,,
1997-08-15,PA28-151,N40857,BED 7B2 BED,1,1.6,2,,,,,,,1.6,,1.6,,,,,,
1997-08-17,PA28-151,N40857,BED GON BED,1,2,2,,,,,,,2,,2,,,,,,
1997-08-18,PA28-151,N40857,BED PVC BED,1,1.5,2,,,,,,,1.5,,1.5,,,,,,
1997-08-19,PA28-151,N40857,BED 7B2 BED,1,1.5,2,,,,,,,1.5,,1.5,,,,,,
1997-08-20,PA28-151,N40857,BED MVY BED,1,1.8,2,,,,,,,1.8,,1.8,,,,,,
1997-08-22,PA28-151,N40857,BED BED,1,0.7,1,,,,,,,,,0.7,,,,,,
1997-08-23,PA28-151,N40857,BED 6B6 EEN 6B6 BED,1,1.8,3,1,,,,0.1,,1.8,,1.8,,,,,,
1997-08-24,PA28-151,N40857,BED MVY BED,1,1.7,2,,,,,,,1.7,,1.7,,,,,,
1997-08-25,PA28-151,N40857,BED BED,1,1.1,1,,,,,,,,,1.1,,,,,,
1997-08-26,PA28-151,N40857,BED HWV BED,1,2.7,2,,,,,,,2.7,,2.7,,,,,,
1997-08-26,PA28-151,N40857,BED BED,1,0.8,1,,,,,,,,,0.8,,,,,,
1997-08-28,PA28-151,N40857,BED HWV BED,1,3.3,2,,,,,,,3.3,,3.3,,,,,,
1997-08-29,PA28R-201,N173ND,BED BED,1,0.8,6,,,,,,,,,,,0.8,,,,
1997-09-05,PA28R-201,N173ND,BED BED,1,1.5,3,,,,,,,,,,,1.5,,,,
1997-09-06,PA28-151,N40857,BED WST,1,1,1,,,,,,,1,,1,,,,,,
1997-09-13,PA28-151,N40857,WST 42B BED,1,1.5,2,,,,,,,1.5,,1.5,,,,,,
1997-09-15,PA28-151,N40857,BED 42B BED,1,2.4,1,1,,,,0.1,,2.4,,2.4,,,,,,
1997-09-16,PA28-151,N40857,BED PSF BED,1,2.4,2,,0.1,,1,,,2.4,,2.4,,,,,,
1997-09-19,PA28R-201,N173ND,BED BED,1,1.3,2,,,,,,,,,,,1.3,,,,
1997-09-21,PA28-151,N40857,BED EEN 6B6,1,2.7,2,,,,,,,2.7,,2.7,,,,,,
1997-09-21,PA28-151,N40857,6B6 BED,1,0.8,1,,,,,,,,,0.8,,,,,,
1997-09-24,PA28R-201,N173ND,BED BED,1,1.5,3,,,,,,,,,,,1.5,,,,
1997-09-24,PA28-151,N40857,BED PVC BED,1,1.6,1,1,,,,0.3,,1.6,,1.6,,,,,,
1997-09-27,PA28-151,N40857,BED MVY BED,1,2.1,1,1,,,,0.3,,2.1,,2.1,,,,,,
1997-10-01,PA28R-201,N173ND,BED EEN BED,1,1.6,3,,,,,,,1.6,,1.6,,,,,,
1997-10-03,PA28-151,N40857,BED 6B6 BED,1,0.8,2,,,,,,,,,0.8,,,,,,
1997-10-04,PA28-151,N40857,BED BED,1,2.2,1,,1.3,,3,,,,,2.2,,,,,,
1997-10-07,PA28-151,N40857,BED LCI 8B8 BED,1,1.8,3,,,,,,,1.8,,1.8,,,,,,
1997-10-08,PA28-151,N40857,BED FIT BED,1,1,2,,,,,,,,,1,,,,,,
1997-10-13,PA28-151,N40857,BED 0B5 EEN BED,1,1.6,2,1,,,,0.2,,1.6,,1.6,,,,,,
1997-10-14,PA28-151,N40857,BED BED,1,1.6,,1,1,,,0.1,,,,1.6,,,,,,
1997-10-20,PA28-151,N40857,BED FIT 6B6 BED,1,0.9,3,,,,,,,,,0.9,,,,,,
1997-10-21,PA28-151,N40857,BED BED,1,1,5,,,,,,,,,1,,,,,,
1997-10-22,PA28-151,N40857,BED TEB BED,1,4,,2,,,,2,,4,,4,,,,,,
1997-10-23,PA28-151,N40857,BED 6B6 BED,1,0.6,3,,,,,,,,,0.6,,,,,,
1997-10-26,PA28-151,N40857,BED PVC WST  BED,1,2.5,2,1,,,,0.1,,2.5,,2.5,,,,,,
1997-11-01,PA28-151,N40857,BED BED,1,1.8,1,,0.9,,3,,,,,1.8,,,,,,
1997-11-03,PA28-151,N40857,BED LWM BED,1,0.9,,4,,,,0.9,,,,0.9,,,,,,
1997-11-05,PA28-151,N40857,BED BED,1,1.7,,1,,1.6,4,1.7,,,,1.7,,,,,,
1997-11-08,PA28-151,N40857,BED BED,1,0.8,1,,0.7,,2,,,,,0.8,,,,,,
1997-11-10,PA28-151,N40857,BED BED,1,1.3,,1,0.6,,,1.3,,,,1.3,,,,,,
1997-11-16,PA28-151,N40857,BED UUU BED,1,1.6,2,,,,,,,1.6,,1.6,,,,,,
1997-11-26,PA28-151,N40857,BED 6B6 BED,1,0.9,,2,,,,0.6,,,,0.9,,,,,,
1997-11-29,PA28-151,N40857,BED GON BED,1,1.9,2,,,,,,,1.9,,1.9,,,,,,
1997-11-30,PA28-151,N40857,BED LCI 8B8 BED,1,1.7,2,,0.1,,,,,1.7,,1.7,,,,,,
1997-12-07,PA28-151,N40857,BED PVC WST  BED,1,2.8,3,,,,,,,2.8,,2.8,,,,,,
1997-12-13,PA28-151,N40857,BED ACK BED,1,2.3,2,,,,,,,2.3,,2.3,,,,,,
1997-12-21,PA28-151,N40857,BED OWD HIE BML BED,1,3.5,4,,,,,,,3.5,,3.5,,,,,,
1998-01-02,PA28-151,N40857,BED EEN BED,1,1.6,3,,,,,,,1.6,,1.6,,,,,,
1998-01-03,PA28-151,N40857,BED DXR BED,1,3,1,1,,,,1,,3,,3,,,,,,
1998-01-11,PA28-151,N40857,BED LCI BED,1,1.9,2,,,,,,,1.9,,1.9,,,,,,
1998-01-29,PA28-151,N40857,BED ORH 6B6 BED,1,1.1,,3,,,,1.1,,,,1.1,,,,,,
1998-01-31,PA28-151,N40857,BED BED,1,0.5,1,2,,,,0.2,,,,0.5,,,,,,
1998-02-01,PA28-151,N40857,BED PVC BED,1,1.6,1,1,,,,0.8,,1.6,,1.6,,,,,,
1998-02-07,PA28-151,N40857,BED LCI 8B8 BED,1,2,,4,,,,1.2,,2,,2,,,,,,
1998-02-08,PA28-151,N40857,BED BED,1,0.5,3,,,,,,,,,0.5,,,,,,
1998-02-08,PA28-151,N40857,BED BED,1,1.8,,1,,1.6,6,1.8,,,,1.8,,,,,,
1998-02-16,PA28-151,N40857,BED WST,1,0.9,1,,,,,,,0.9,,0.9,,,,,,
1998-03-06,PA28-151,N40857,WST BED,1,1,1,1,,,,0.1,,1,,1,,,,,,
1998-03-07,PA28-151,N40857,BED 6B6 BED,1,0.6,3,,,,,,,,,0.6,,,,,,
1998-03-20,PA28-151,N40857,BED AVP,1,2.4,1,,0.1,,,,,2.4,,2.4,,,,,,
1998-03-20,PA28-151,N40857,AVP LBE,1,2.1,1,,1.2,,,,,2.1,,2.1,,,,,,
1998-03-23,PA28-151,N40857,LBE AVP,1,1.7,1,,0.7,,,,,1.7,,1.7,,,,,,
1998-03-23,PA28-151,N40857,AVP BED,1,1.8,1,,,,,,,1.8,,1.8,,,,,,
1998-03-23,PA28-151,N40857,BED WST,1,0.9,1,,,,,,,0.9,,0.9,,,,,,
1998-03-25,PA28-151,N40857,WST BED,1,1.3,,1,,,,0.1,,1.3,,1.3,,,,,,
1998-03-26,PA28-151,N40857,BED FIT 6B6 BED,1,1,4,1,,,,0.1,,,,1,,,,,,
1998-03-28,PA28-151,N40857,BED BED,1,1,2,,,0.2,,,,,,1,,,,,,
1998-03-29,PA28-151,N40857,BED BED,1,1.2,2,,,,,,,,,1.2,,,,,,
1998-04-02,PA28-151,N40857,BED LWM BED,1,1.6,2,,1.4,,4,,,,,1.6,,,,,,
1998-04-04,PA28-151,N40857,BED 8B8 LCI,1,1.3,2,,,,,,,1.3,,1.3,,,,,,
1998-04-04,PA28-151,N40857,LCI 6B6 BED,1,1.2,2,,0.2,,,,,1.2,,1.2,,,,,,
1998-04-11,PA28-151,N40857,BED 7B2 BED,1,2.1,2,,,,,,,2.1,,2.1,,,,,,
1998-04-20,PA28-151,N40857,BED 6B6 BED,1,2.1,4,,0.3,,1,,,,,2.1,,,,,,
1998-04-26,PA28-151,N40857,BED OWD PVC BED,1,2.1,5,,0.4,,,,,2.1,,2.1,,,,,,
1998-05-14,PA28-151,N40857,BED PVC,1,0.8,1,,,,,,,0.8,,0.8,,,,,,
1998-05-14,PA28-151,N40857,PVC 6B6 BED,1,1,2,,,,,,,1,,1,,,,,,
1998-05-18,PA28-151,N40857,BED EEN BED,1,1.4,2,,,,,,,1.4,,1.4,,,,,,
1998-05-30,PA28-151,N40857,BED BID,1,1,1,,,,,,,1,,1,,,,,,
1998-05-30,PA28-151,N40857,BID BED,1,1,1,,,,,,,1,,1,,,,,,
1998-06-05,PA28-151,N40857,BED 6B6,1,0.3,1,,,,,,,,,0.3,,,,,,
1998-06-06,PA28-151,N40857,6B6 3B3 FIT BED,1,0.9,3,,,,,,,,,0.9,,,,,,
1998-06-09,PA28-151,N40857,BED 6B6 BED,1,0.6,2,,,,,,,,,0.6,,,,,,
1998-06-11,PA28-151,N40857,BED AVP,1,2.2,1,,0.8,,1,,,2.2,,2.2,,,,,,
1998-06-11,PA28-151,N40857,AVP LBE,1,2.4,1,,1.5,,1,,,2.4,,2.4,,,,,,
1998-06-14,PA28-151,N40857,LBE AVP,1,2,1,,0.3,,1,,,2,,2,,,,,,
1998-06-14,PA28-151,N40857,AVP BED,1,2.1,1,,1.2,,1,,,2.1,,2.1,,,,,,
1998-06-26,PA28-151,N40857,BED ORE 6B6,1,1.1,2,,,,,,,,,1.1,,,,,,
1998-06-27,PA28-151,N40857,6B6 BED,1,0.4,2,,,,,,,,,0.4,,,,,,
1998-06-28,PA28-151,N40857,BED EEN AFN BED,1,1.6,3,,,,,,,1.6,,1.6,,,,,,
1998-07-02,PA28-151,N40857,BED EVY,1,2.8,1,,,,,,,2.8,,2.8,,,,,,
1998-07-02,PA28-151,N40857,EVY 2N9,1,2.5,1,,,,,,,2.5,,2.5,,,,,$1.79,
1998-07-02,PA28-151,N40857,2N9 CUB,1,2,1,,,,,,,2,,2,,,,,,
1998-07-06,PA28-151,N40857,CUB SFQ,1,3,1,,,,,,,3,,3,,,,,$1.12,
1998-07-06,PA28-151,N40857,SFQ TGI,1,0.9,1,,,,,,,0.9,,0.9,,,,,,
1998-07-06,PA28-151,N40857,TGI OXC,1,2.5,1,,,,,,,2.5,,2.5,,,,,,
1998-07-06,PA28-151,N40857,OXC BED,1,1.2,1,,,,,,,1.2,,1.2,,,,,,
1998-07-09,PA28-151,N40857,BED 6B6 BED,1,0.8,3,,,,,,,,,0.8,,,,,,
1998-07-12,PA28-151,N40857,BED PVC BED,1,1.5,2,,,,,,,1.5,,1.5,,,,,,
1998-07-13,PA28-151,N40857,BED LCI BED,1,2,2,,,,,,,2,,2,,,,,,
1998-07-26,PA28-151,N40857,BED 6B6,1,0.3,1,,,,,,,,,0.3,,,,,,
1998-07-28,PA28-151,N40857,6B6 FIT 3B3 6B6,1,0.8,3,,,,,,,,,0.8,,,,,,
1998-08-01,PA28-151,N40857,6B6 32M BED 6B6,1,1.1,3,,,,,,,,,1.1,,,,,,
1998-08-02,PA28-151,N40857,6B6 PVC 6B6,1,1.5,2,,,,,,,1.5,,1.5,,,,,,
1998-08-02,PA28-151,N40857,6B6 AFN EEN 6B6,1,1.3,3,,,,,,,1.3,,1.3,,,,,,
1998-08-04,PA28-151,N40857,6B6 BAF,1,0.8,1,,,,,,,0.8,,0.8,,,,,,
1998-08-04,PA28-151,N40857,BAF 6B6,1,3.3,,3,,,,1,,3.3,,3.3,,,,,,
1998-08-09,PA28-151,N40857,6B6 2B2 6B6,1,1.2,2,,,,,,,,,1.2,,,,,,
1998-08-21,PA28-151,N40857,6B6 BED 6B6,1,0.8,2,,,,,,,,,0.8,,,,,,
1998-08-23,PA28-151,N40857,6B6 1B9 6B6,1,1,3,,,,,,,,,1,,,,,,
1998-08-28,PA28-151,N40857,6B6 BED 6B6,1,1.1,5,,,,,,,,,1.1,,,,,,
1998-08-30,PA28-151,N40857,6B6 PVC 6B6,1,1.5,2,,,,,,,1.5,,1.5,,,,,,
1998-08-30,PA28-151,N40857,6B6 BED 6B6,1,0.6,2,,,,,,,,,0.6,,,,,,
1998-09-01,PA28-151,N40857,6B6 WST BID 6B6,1,2.1,3,,,,,,,,,2.1,,,,,,
1998-09-02,PA28-151,N40857,6B6 6B6,1,0.2,1,,,,,,,,,0.2,,,,,,
1998-09-04,PA28-151,N40857,6B6 AVP,1,2.2,1,,,,,,,2.2,,2.2,,,,,,
1998-09-04,PA28-151,N40857,AVP LBE,1,2,1,,,,,,,2,,2,,,,,,
1998-09-06,PA28-151,N40857,LBE 6B6,1,3.2,1,,,,,,,3.2,,3.2,,,,,,
1998-09-07,PA28-151,N40857,6B6 BED 6B6,1,0.6,3,,,,,,,,,0.6,,,,,,
1998-09-08,PA28-151,N40857,6B6 FIT 6B6,1,1.1,4,,,,,,,,,1.1,,,,,,
1998-09-09,PA28-151,N40857,6B6 PVC BED 6B6,1,1.9,3,,,,,,,1.9,,1.9,,,,,,
1998-09-17,PA28-151,N40857,6B6 BED 6B6,1,0.5,3,,,,,,,,,0.5,,,,,,
1998-09-20,PA28-151,N40857,6B6 4V8 6B6,1,1.6,2,,,,,,,1.6,,1.6,,,,,,
1998-09-26,PA28-151,N40857,6B6 BED LWM 2B2 6B6,1,1.4,7,,,,,,,,,1.4,,,,,,
1998-09-27,PA28-151,N40857,6B6 BED 6B6,1,1.1,2,,,,,,,,,1.1,,,,,,
1998-10-03,PA28-151,N40857,6B6 6B1 SFM 6B6,1,1.7,3,,,,,,,1.7,,1.7,,,,,,
1998-10-04,PA28-151,N40857,6B6 0B5 7B2 6B6,1,1.5,3,,,,,,,1.5,,1.5,,,,,,
1998-10-05,PA28-151,N40857,6B6 BED 6B6,1,0.5,2,,,,,,,,,0.5,,,,,,
1998-10-11,PA28-151,N40857,6B6 BED 6B6,1,1.5,1,,0.5,,1,,,,,1.5,,,,,,
1998-10-13,PA28-151,N40857,6B6 CON 6B6,1,2.1,,3,1.8,,3,0.9,,,,2.1,,,,,,
1998-10-17,PA28-151,N40857,6B6 BED LWM 6B6,1,0.8,3,,,,,,,,,0.8,,,,,,
1998-10-18,PA28-151,N40857,6B6 PYM 6B6,1,1.4,2,,,,,,,,,1.4,,,,,,
1998-10-24,PA28-151,N40857,6B6 PVC 6B6,1,1.4,,2,,,,0.2,,1.4,,1.4,,,,,,
1998-10-25,PA28-151,N40857,6B6 EEN VSF 6B6,1,1.7,3,,,,,,,1.7,,1.7,,,,,,
1998-10-25,PA28-151,N40857,6B6 BED 6B6,1,0.5,3,,,,,,,,,0.5,,,,,,
1998-10-31,PA28-151,N40857,6B6 BED FIT 6B6,1,1.1,4,,,,,,,,,1.1,,,,,,
1998-11-07,PA28-151,N40857,6B6 PMX 6B6,1,1.2,2,,,,,,,,,1.2,,,,,,
1998-11-08,PA28-151,N40857,6B6 ASH BED 6B6,1,0.9,3,,,,,,,,,0.9,,,,,,
1998-11-14,PA28-151,N40857,6B6 BED 6B6,1,0.6,3,,,,,,,,,0.6,,,,,,
1998-11-14,PA28-151,N40857,6B6 ASH 9B1 6B6,1,1.1,3,,,,,,,,,1.1,,,,,,
1998-11-21,PA28-151,N40857,6B6 2B2 6B6,1,1.2,2,,,,,,,,,1.2,,,,,,
1998-11-22,PA28-151,N40857,6B6 3B0 6B6,1,1,2,,,,,,,,,1,,,,,,
1998-11-28,PA28-151,N40857,6B6 BED 6B6,1,0.5,2,,,,,,,,,0.5,,,,,,
1998-11-28,PA28-151,N40857,6B6 FIT 6B6,1,0.6,2,,,,,,,,,0.6,,,,,,
1998-11-29,PA28-151,N40857,6B6 LCI 6B6,1,2.6,2,,,,,,,2.6,,2.6,,,,,,
1998-12-05,PA28-151,N40857,6B6 6B6,1,0.2,1,,,,,,,,,0.2,,,,,,
1998-12-05,PA28-151,N40857,6B6 BED LWM 6B6,1,1,3,,,,,,,,,1,,,,,,
1998-12-05,PA28-151,N40857,6B6 FIT 6B6,1,0.8,2,,,,,,,,,0.8,,,,,,
1998-12-06,PA28-151,N40857,6B6 EWB BED 6B6,1,2.2,5,,0.2,,3,,,2.2,,2.2,,,,,,
1998-12-13,PA28-151,N40857,6B6 0B5 BED 6B6,1,1.7,3,,,,,,,1.7,,1.7,,,,,,
1998-12-19,PA28-151,N40857,6B6 PVC,1,0.9,1,,,,,,,0.9,,0.9,,,,,,
1998-12-19,PA28-151,N40857,PVC BED 6B6,1,1.1,2,,,,,,,1.1,,1.1,,,,,,
1998-12-20,PA28-151,N40857,6B6 EEN AFN BED 6B6,1,1.6,5,,,,,,,1.6,,1.6,,,,,,
1999-01-02,PA28-151,N40857,6B6 FIT 6B6,1,1.9,2,,,,,,,,,1.9,,,,,,
1999-01-10,PA28-151,N40857,6B6 2B2 BED 6B6,1,1.5,4,,,,,,,,,1.5,,,,,,
1999-01-25,PA28-151,N40857,6B6 BED 1B9 ORH 6B6,1,1.7,,5,,,,1.7,,,,1.7,,,,,,
1999-01-26,PA28-151,N40857,6B6 OXC 6B6,1,3.7,,2,,,,3.7,,3.7,,3.7,,,,,,
1999-01-27,PA28-151,N40857,6B6 BED FIT 6B6,1,1.3,,5,,,,1.3,,,,1.3,,,,,,
1999-01-31,PA28-151,N40857,6B6 7B2 0B5 6B6,1,1.7,3,,,,,,,1.7,,1.7,,,,,,
1999-02-06,PA28-151,N40857,6B6 BED EEN 6B6,1,1.6,4,,,,,,,1.6,,1.6,,,,,,
1999-02-07,PA28-151,N40857,6B6 BED FIT 6B6,1,0.9,3,,,,,,,,,0.9,,,,,,
1999-02-15,PA28-151,N40857,6B6 0B8 WST,1,1.2,2,,,,,,,1.2,,1.2,,,,,,
1999-03-10,PA28-151,N40857,WST 6B6,1,1.1,,1,,,,1.1,,1.1,,1.1,,,,,,
1999-03-13,PA28-151,N40857,6B6 WST 6B6,1,2.3,2,,,,,,,2.3,,2.3,,,,,,
1999-03-14,PA28-151,N40857,6B6 EEN BED 6B6,1,1.6,3,,,,,,,1.6,,1.6,,,,,,
1999-03-20,PA28-151,N40857,6B6 EVY,1,2.8,1,,,,,,,2.8,,2.8,,,,,,
1999-03-20,PA28-151,N40857,EVY 2N9,1,2.7,1,,,,,,,2.7,,2.7,,,,,,
1999-03-20,PA28-151,N40857,2N9 CUB,1,2.1,1,,,,,,,2.1,,2.1,,,,,,
1999-03-23,PA28-151,N40857,CUB W90,1,2.2,1,,,,,,,2.2,,2.2,,,,,$1.25,
1999-03-23,PA28-151,N40857,W90 LBE,1,1.8,1,,0.2,,,,,1.8,,1.8,,,,,,
1999-03-24,PA28-151,N40857,LBE 6B6,1,3.1,1,,0.3,,,,,3.1,,3.1,,,,,,
1999-03-26,PA28-151,N40857,6B6 LBE,1,3.5,,1,,,,1.2,,3.5,,3.5,,,,,,
1999-03-29,PA28-151,N40857,LBE 6B6,1,3.9,1,,,,,,,3.9,,3.9,,,,,,
1999-04-02,PA28-151,N40857,6B6 AVP,1,2.2,1,,0.3,,,,,2.2,,2.2,,,,,,
1999-04-02,PA28-151,N40857,AVP LBE,1,2.1,1,,0.7,,,,,2.1,,2.1,,,,,,
1999-04-05,PA28-151,N40857,LBE AVP,1,2.1,1,,,,,,,2.1,,2.1,,,,,,
1999-04-05,PA28-151,N40857,AVP 6B6,1,2.3,1,,,,,,,2.3,,2.3,,,,,,
1999-04-15,PA28-151,N40857,6B6 BED FIT 6B6,1,0.8,3,,,,,,,,,0.8,,,,,,
1999-04-21,PA28-151,N40857,6B6 8B5 7B2 BED 6B6,1,1.6,4,,,,,,,1.6,,1.6,,,,,,
1999-04-22,PA28-151,N40857,6B6 PVC 6B6,1,1.5,1,2,0.1,,,0.2,,1.5,,1.5,,,,,,
1999-04-24,PA28-151,N40857,6B6 LBE,1,3.9,1,,,,,,,3.9,,3.9,,,,,,
1999-04-26,PA28-151,N40857,LBE 6B6,1,3.5,1,,,,,,,3.5,,3.5,,,,,,
1999-05-06,PA28-151,N40857,6B6 BED FIT 6B6,1,1,4,,,,,,,,,1,,,,,,
1999-05-09,PA28-151,N40857,6B6 LCI 8B8 6B6,1,1.8,3,,,,,,,1.8,,1.8,,,,,,
1999-05-11,PA28-151,N40857,6B6 3B3 FIT 6B6,1,0.7,3,,,,,,,,,0.7,,,,,,
1999-05-12,PA28-151,N40857,6B6 MDT,1,3.2,1,,,,,0.6,,3.2,,3.2,,,,,$1.54,
1999-05-12,PA28-151,N40857,MDT LBE,1,1.6,1,,,,,,,1.6,,1.6,,,,,,
1999-05-16,PA28-151,N40857,LBE 6B6,1,3.9,1,,,,,,,3.9,,3.9,,,,,,
1999-05-17,PA28-151,N40857,6B6 6B6,1,0.5,2,,,,,,,,,0.5,,,,,,
1999-05-22,PA28-151,N40857,6B6 6B6,1,0.2,1,,,,,,,,,0.2,,,,,,
1999-05-28,PA28-151,N40857,6B6 1N0,1,3,1,,,,,,,3,,3,,,,,$1.70,
1999-05-28,PA28-151,N40857,1N0 2N9,1,2.2,1,,,,,,,2.2,,2.2,,,,,,
1999-05-28,PA28-151,N40857,2N9 CUB,1,2,1,,,,,,,2,,2,,,,,,
1999-06-01,PA28-151,N40857,CUB SFQ,1,2.7,1,,,,,,,2.7,,2.7,,,,,,
1999-06-01,PA28-151,N40857,SFQ 6B6,1,3.9,1,,,,,,,3.9,,3.9,,,,,,
1999-06-01,PA28-151,N40857,6B6 6B6,1,0.2,1,,,,,,,,,0.2,,,,,,
1999-06-06,PA28-151,N40857,6B6 BED 6B6,1,0.5,2,,,,,,,,,0.5,,,,,,
1999-06-11,PA28-151,N40857,6B6 FIT 3B3 6B6,1,0.8,3,,,,,,,,,0.8,,,,,,
1999-06-12,PA28-151,N40857,6B6 7B2 6B6,1,1.7,3,,,,,,,1.7,,1.7,,,,,,
1999-06-13,PA28-151,N40857,6B6 6B6,1,1.5,1,,,,,,,,,1.5,,,,,,
1999-06-15,PA28-151,N40857,6B6 BED 6B6,1,2.3,3,,,1.7,6,,,,,2.3,,,,,,
1999-06-16,PA28-151,N40857,6B6 BED 6B6,1,0.5,2,,,,,,,,,0.5,,,,,,
1999-06-20,PA28-151,N40857,6B6 BID 6B6,1,1.9,2,,,,,,,1.9,,1.9,,,,,,
1999-06-26,PA28-151,N40857,6B6 EEN BED 6B6,1,1.5,3,,,,,,,1.5,,1.5,,,,,,
1999-07-03,PA28-151,N40857,6B6 OWD 6B6,1,0.7,2,,,,,,,,,0.7,,,,,,
1999-07-05,PA28-151,N40857,6B6 EEN 4V8 BED 6B6,1,2.3,4,,,,,,,2.3,,2.3,,,,,,
1999-07-07,PA28-151,N40857,6B6 LWM BED 6B6,1,0.8,4,,,,,,,,,0.8,,,,,,
1999-07-18,PA28-151,N40857,6B6 ORH 3B0 BED 6B6,1,1.3,5,,,,,,,,,1.3,,,,,,
1999-07-20,PA28-151,N40857,6B6 FIT BED 6B6,1,1.2,3,3,,,,0.7,,,,1.2,,,,,,
1999-07-23,PA28-151,N40857,6B6 BED 6B6,1,0.9,3,,,,,,,,,0.9,,,,,,
1999-07-24,PA28-151,N40857,6B6 3B3 6B6,1,0.7,4,,,,,,,,,0.7,,,,,,
1999-07-24,PA28-151,N40857,6B6 3B3 6B6,1,0.7,3,,,,,,,,,0.7,,,,,,
1999-07-27,PA28-151,N40857,6B6 AFN 6B6,1,1,2,,,,,,,,,1,,,,,,
1999-07-28,PA28-151,N40857,6B6 BED 6B6,1,0.5,2,,,,,,,,,0.5,,,,,,
1999-08-01,PA28-151,N40857,6B6 CQX 6B6,1,2.1,1,1,,,,0.1,,2.1,,2.1,,,,,,
1999-08-02,PA28-151,N40857,6B6 BED 6B6,1,0.6,3,,,,,,,,,0.6,,,,,,
1999-08-03,PA28-151,N40857,6B6 AFN 6B6,1,1.2,2,,,,,,,,,1.2,,,,,,
1999-08-07,PA28-151,N40857,6B6 WST 6B6,1,1.7,2,,,,,,,1.7,,1.7,,,,,,
1999-08-12,PA28-151,N40857,6B6 3B0 6B6,1,1,3,1,,,,0.1,,,,1,,,,,,
1999-08-15,PA28-151,N40857,6B6 WST,1,1,1,,0.6,,1,,,1,,1,,,,,,
1999-08-17,PA28-151,N40857,WST 6B6,1,0.7,1,,,,,,,0.7,,0.7,,,,,,
1999-08-17,PA28-151,N40857,6B6 3B0 6B6,1,0.5,3,,,,,,,,,0.5,,,,,,
1999-08-19,PA28-151,N40857,6B6 3B3 6B6,1,0.5,2,,,,,,,,,0.5,,,,,,
1999-08-21,PA28-151,N40857,6B6 PVC,1,1,1,,0.9,,1,,,1,,1,,,,,,
1999-08-21,PA28-151,N40857,PVC BED 6B6,1,1.5,2,,1.2,,2,,,1.5,,1.5,,,,,,
1999-08-23,PA28-151,N40857,6B6 2B2 6B6,1,1.1,2,,,,,,,,,1.1,,,,,,
1999-08-29,PA28-151,N40857,6B6 AFN 6B6,1,0.9,2,,,,,,,,,0.9,,,,,,
1999-09-02,PA28-151,N40857,6B6 BED 6B6,1,0.8,6,,,,,,,,,0.8,,,,,,
1999-09-04,PA28-151,N40857,6B6 LBE,1,3.7,1,,,,,,,3.7,,3.7,,,,,,
1999-09-08,PA28-151,N40857,LBE W90,1,2.2,1,,0.2,,,,,2.2,,2.2,,,,,$1.25,
1999-09-08,PA28-151,N40857,W90 CUB,1,2.4,1,,,,,,,2.4,,2.4,,,,,,
1999-09-12,PA28-151,N40857,CUB SFQ,1,3.2,1,,,,,,,3.2,,3.2,,,,,,
1999-09-12,PA28-151,N40857,SFQ 1N0,1,1.7,1,,,,,,,1.7,,1.7,,,,,$1.70,
1999-09-12,PA28-151,N40857,1N0 6B6,1,3.2,1,,,,,,,3.2,,3.2,,,,,,
1999-09-18,PA28-151,N40857,6B6 BED 6B6,1,0.6,3,,,,,,,,,0.6,,,,,,
1999-09-19,PA28-151,N40857,6B6 3B4 6B6,1,1.5,2,,,,,,,1.5,,1.5,,,,,,
1999-09-26,PA28-151,N40857,6B6 BID WST BED 6B6,1,3.2,4,,,1,2,,,3.2,,3.2,,,,,,
1999-10-03,PA28-151,N40857,6B6 BED 6B6,1,0.8,2,,,,,,,,,0.8,,,,,,
1999-10-10,PA28-151,N40857,6B6 AVP,1,2.9,1,,2.2,,1,,,2.9,,2.9,,,,,,
1999-10-10,PA28-151,N40857,AVP LBE,1,2.6,1,,0.9,,1,,,2.6,,2.6,,,,,,
1999-10-12,PA28-151,N40857,LBE 6B6,1,3.5,,1,,,,1,,3.5,,3.5,,,,,,
1999-10-16,PA28-151,N40857,6B6 BED WST 6B6,1,2,3,,,,,,,2,,2,,,,,,
1999-10-28,PA28-151,N40857,6B6 6B6,1,0.6,6,,,,,,,,,0.6,,,,,,
1999-10-28,PA28-151,N40857,6B6 FIT 6B6,1,0.6,3,,,,,,,,,0.6,,,,,,
1999-10-31,PA28-151,N40857,6B6 ACK 6B6,1,2.2,2,,,,,,,2.2,,2.2,,,,,,
1999-11-05,PA28-151,N40857,6B6 BED LWM 2B2 6B6,1,1.5,6,,,,,,,,,1.5,,,,,,
1999-11-13,PA28-151,N40857,6B6 7B2 0B5 6B6,1,1.8,4,,,,,,,1.8,,1.8,,,,,,
1999-11-19,PA28-151,N40857,6B6 BML 6B6,1,3,2,,,,,,,3,,3,,,,,,
1999-11-25,PA28-151,N40857,6B6 BED 0B5 6B6,1,1.5,4,,,,,,,1.5,,1.5,,,,,,
1999-11-27,PA28-151,N40857,6B6 EEN VSF 6B6,1,1.8,3,,,,,,,1.8,,1.8,,,,,,
1999-12-04,PA28-151,N40857,6B6 BED 6B6,1,0.7,2,,,,,,,,,0.7,,,,,,
1999-12-05,PA28-151,N40857,6B6 FIT 6B6,1,0.5,2,,,,,,,,,0.5,,,,,,
1999-12-05,PA28-151,N40857,6B6 3B3 FIT 6B6,1,0.7,4,,,,,,,,,0.7,,,,,,
1999-12-09,PA28-151,N40857,6B6 BED 6B6,1,1.1,,4,,,,0.4,,,,1.1,,,,,,
1999-12-12,PA28-151,N40857,6B6 EEN BED 6B6,1,1.4,3,,,,,,,1.4,,1.4,,,,,,
1999-12-16,PA28-151,N40857,6B6 ORH BED 6B6,1,1,,5,,,,1,,,,1,,,,,,
1999-12-18,PA28-151,N40857,6B6 ACK 6B6,1,2.4,1,1,,,,0.3,,2.4,,2.4,,,,,,
1999-12-19,PA28-151,N40857,6B6 LCI 8B8 6B6,1,1.7,2,1,,,,0.3,,1.7,,1.7,,,,,,
2000-01-08,PA28-151,N40857,6B6 BED WST BID 6B6,1,2.5,4,,,,,,,2.5,,2.5,,,,,,
2000-01-09,PA28-151,N40857,6B6 PVC 6B6,1,1.7,1,1,,,,0.7,,1.7,,1.7,,,,,,
2000-01-15,PA28-151,N40857,6B6 BED EEN 6B6,1,1.8,3,,,,,,,1.8,,1.8,,,,,,
2000-01-23,PA28-151,N40857,6B6 EEN BED 6B6,1,1.8,4,,,,,,,1.8,,1.8,,,,,,
2000-01-29,PA28-151,N40857,6B6 LWM 2B2 6B6,1,1.2,3,,,,,,,,,1.2,,,,,,
2000-01-30,PA28-151,N40857,6B6 7B2 PSF 6B6,1,2,3,,,,,,,2,,2,,,,,,
2000-02-09,PA28-151,N40857,6B6 ASH BED 6B6,1,1.2,6,3,,,,0.2,,,,1.2,,,,,,
2000-02-12,PA28-151,N40857,6B6 LCI 8B8 B18 6B6,1,2.5,4,,,,,,,2.5,,2.5,,,,,,
2000-02-13,PA28-151,N40857,6B6 BED ORH,1,0.9,2,,,,,,,,,0.9,,,,,,
2000-02-15,PA28-151,N40857,ORH WST,1,0.6,1,,,,,,,,,0.6,,,,,,
2000-02-17,PA28-151,N40857,WST 6B6,1,0.9,1,,,,,,,0.9,,0.9,,,,,,
2000-02-24,PA28-151,N40857,6B6 BED 6B6,1,0.6,2,,,,,,,,,0.6,,,,,,
2000-02-27,PA28-151,N40857,6B6 LCI 6B6,1,2.2,2,,0.3,0.9,3,,,2.2,,2.2,,,,,,
2000-03-05,PA28-151,N40857,6B6 AFN 6B6,1,1.3,3,,,,,,,,,1.3,,,,,,
2000-03-05,PA28-151,N40857,6B6 BED 6B6,1,0.8,4,,,,,,,,,0.8,,,,,,
2000-03-08,PA28-151,N40857,6B6 32M 1B6 6B6,1,0.8,4,,,,,,,,,0.8,,,,,,
2000-03-12,PA28-151,N40857,6B6 BED FIT 6B6,1,1.1,,4,,,,1.1,,,,1.1,,,,,,
2000-03-15,PA28-151,N40857,6B6 BED 6B6,1,1.5,1,2,,1,3,1.3,,,,1.5,,,,,,
2000-03-18,PA28-151,N40857,6B6 6B6,1,0.3,,,,,,,,,,0.3,,,,,,
2000-03-18,PA28-151,N40857,6B6 SFQ,1,4,1,,,,,,,4,,4,,,,,,
2000-03-18,PA28-151,N40857,SFQ CUB,1,2.6,1,,,,,,,2.6,,2.6,,,,,,
2000-03-21,PA28-151,N40857,CUB ROA,1,2.6,,1,0.3,,,0.5,,2.6,,2.6,,,,,,
2000-03-22,PA28-151,N40857,ROA LBE,1,2.6,1,,0.3,,1,,,2.6,,2.6,,,,,,
2000-03-22,PA28-151,N40857,LBE 6B6,1,4.2,1,,0.3,,,,,4.2,,4.2,,,,,,
2000-03-24,PA28-151,N40857,6B6 LBE,1,4.1,,1,,,,1.2,,4.1,,4.1,,,,,,
2000-03-25,PA28-151,N40857,LBE 6B6,1,3.1,1,,,,,,,3.1,,3.1,,,,,,
2000-04-01,PA28-151,N40857,6B6 BED FIT 6B6,1,1,5,1,,,,0.1,,,,1,,,,,,
2000-04-15,PA28-151,N40857,6B6 BED 6B6,1,0.5,2,,,,,,,,,0.5,,,,,,
2000-04-17,PA28-151,N40857,6B6 1B6 6B6,1,1.1,2,,,,,,,,,1.1,,,,,,
2000-04-29,PA28-151,N40857,6B6 GDM BED,1,1.4,2,,,0.6,,,,,,1.4,,1.4,,,,
2000-04-29,PA28-151,N40857,BED 6B6 6B6,1,0.8,2,,,,,,,,,0.8,,,,,,
2000-04-29,PA28-151,N40857,6B6 FIT 6B6,1,0.8,3,,,,,,,,,0.8,,,,,,
2000-05-08,PA28-151,N40857,6B6 EEN AFN 6B6,1,1.3,3,,,,,,,,,1.3,,,,,,
2000-05-14,PA28-151,N40857,6B6 OWD PVC BED 6B6,1,2.1,4,,,,,,,2.1,,2.1,,,,,,
2000-05-16,PA28-151,N40857,6B6 6B6,1,0.2,2,,,,,,,,,0.2,,,,,,
2000-05-16,PA28-151,N40857,6B6 6B6,1,0.3,1,,,,,,,,,0.3,,,,,,
2000-05-17,PA28-151,N40857,6B6 BED 6B6,1,0.4,2,,,,,,,,,0.4,,,,,,
2000-05-20,PA28-151,N40857,6B6 BLM,1,2.3,1,,0.7,,1,,,2.3,,2.3,,,,,,
2000-05-20,PA28-151,N40857,BLM SFQ,1,2.9,1,,2.5,,,,,2.9,,2.9,,,,,,
2000-05-20,PA28-151,N40857,SFQ CRE,1,2.4,1,,0.1,,,,,2.4,,2.4,,,,,,
2000-05-26,PA28-151,N40857,CRE CRE,1,1,1,,,,,,,,,1,,,,,,
2000-05-29,PA28-151,N40857,CRE CRE,1,0.5,1,,,,,,,,,0.5,,,,,,
2000-05-30,PA28-151,N40857,CRE CUB,1,1.2,1,,0.1,,,,,1.2,,1.2,,,,,,
2000-06-02,PA28-151,N40857,CUB SFQ,1,2.9,1,,,,,,,2.9,,2.9,,,,,,
2000-06-02,PA28-151,N40857,SFQ 6B6,1,4.2,1,,,,,,,4.2,,4.2,,,,,,
2000-06-04,PA28-151,N40857,6B6 EEN AFN 6B6,1,1.4,3,,,,,,,,,1.4,,,,,,
2000-06-11,PA28-151,N40857,6B6 3B3 3B0 6B6,1,1.2,4,,,,,,,,,1.2,,,,,,
2000-06-18,PA28-151,N40857,6B6 9B4 FIT 6B6,1,1.2,8,,,,,,,,,1.2,,,,,,
2000-06-24,PA28-151,N40857,6B6 FIT 6B6,1,0.8,3,,,,,,,,,0.8,,,,,,
2000-07-04,PA28-151,N40857,6B6 BED 6B6,1,1.1,4,,,,,,,,,1.1,,,,,,
2000-07-09,PA28-151,N40857,6B6 PVC 6B6,1,1.7,2,,,,,,,1.7,,1.7,,,,,,
2000-07-14,PA28-151,N40857,6B6 3B3 BED LWM FIT 6B6,1,1.8,7,3,,,,0.4,,,,1.8,,,,,,
2000-07-21,PA28-151,N40857,6B6 OWD 6B6,1,0.7,2,,,,,,,,,0.7,,,,,,
2000-07-22,PA28-151,N40857,6B6 9B1 6B6,1,1.2,3,,,,,,,,,1.2,,,,,,
2000-07-29,PA28-151,N40857,6B6 0B5 BED 6B6,1,1.7,3,,,,,,,1.7,,1.7,,,,,,
2000-08-05,PA28-151,N40857,6B6 MVY 6B6,1,1.9,2,,,,,,,1.9,,1.9,,,,,,
2000-08-11,PA28-151,N40857,6B6 PVC 6B6,1,1.6,2,,,,,,,1.6,,1.6,,,,,,
2000-08-15,PA28-151,N40857,6B6 PVC BVY 6B6,1,2.6,3,,1.3,,4,,,2.6,,2.6,,,,,,
2000-08-20,PA28-151,N40857,6B6 BED 6B6,1,1,1,2,,,,0.2,,,,1,,,,,,
2000-08-27,PA28-151,N40857,6B6 AFN ASH 6B6,1,1.1,3,,,,,,,,,1.1,,,,,,
2000-08-29,PA28-151,N40857,6B6 3B3 FIT BED 6B6,1,1.1,6,1,,,,0.1,,,,1.1,,,,,,
2000-09-03,PA28-151,N40857,6B6 WST,1,1.1,1,,0.6,,1,,,1.1,,1.1,,,,,,
2000-09-03,PA28-151,N40857,WST BED,1,1,1,,0.6,,1,,,1,,1,,,,,,
2000-09-03,PA28-151,N40857,BED 6B6,1,0.2,1,,,,,,,,,0.2,,,,,,
2000-09-08,PA28-151,N40857,6B6 BED WST 6B6,1,2,2,1,,,,0.2,,2,,2,,,,,,
2000-09-23,PA28-151,N40857,6B6 SFZ 6B6,1,1.2,2,,,,,,,,,1.2,,,,,,
2000-09-23,PA28-151,N40857,6B6 FIT 6B6,1,0.6,4,,,,,,,,,0.6,,,,,,
2000-10-01,PA28-151,N40857,6B6 BED 6B6,1,0.8,2,,,,,,,,,0.8,,,,,,
2000-10-01,PA28-151,N40857,6B6 6B6,1,0.5,3,,,,,,,,,0.5,,,,,,
2000-10-05,PA28-151,N40857,6B6 BLM,1,2.1,1,,,,,,,2.1,,2.1,,,,,,
2000-10-05,PA28-151,N40857,BLM SFQ,1,2.9,1,,2,,,,,2.9,,2.9,,,,,,
2000-10-05,PA28-151,N40857,SFQ CUB,1,3.1,1,,,,,,,3.1,,3.1,,,,,,
2000-10-08,PA28-151,N40857,CUB SFQ,1,2.6,1,,2,,,,,2.6,,2.6,,,,,,
2000-10-08,PA28-151,N40857,SFQ 6B6,1,4,1,,,,,,,4,,4,,,,,,
2000-10-13,PA28-151,N40857,6B6 6B6,1,0.3,2,,,,,,,,,0.3,,,,,,
2000-10-14,PA28-151,N40857,6B6 EEN BED 6B6,1,1.3,3,,,,,,,1.3,,1.3,,,,,,
2000-10-15,PA28-151,N40857,6B6 FIT 6B6,1,0.6,2,,,,,,,,,0.6,,,,,,
2000-10-22,PA28-151,N40857,6B6 6B6,1,0.7,1,,,,,,,,,0.7,,,,,,
2000-11-04,PA28-151,N40857,6B6 LCI 8B8 6B6,1,1.7,3,,,,,,,1.7,,1.7,,,,,,
2000-11-08,PA28-151,N40857,6B6 LWM BED 6B6,1,1.1,3,3,,,,0.6,,,,1.1,,,,,,
2000-11-12,PA28-151,N40857,6B6 ORH 3B0 6B6,1,1.2,3,3,,,,0.6,,,,1.2,,,,,,
2000-11-19,PA28-151,N40857,6B6 0B5 7B2 BED 6B6,1,1.9,4,3,,,,0.6,,1.9,,1.9,,,,,,
2000-11-22,PA28-151,N40857,6B6 AVP,1,2.5,1,,0.5,,,,,2.5,,2.5,,,,,,
2000-11-22,PA28-151,N40857,AVP LBE,1,2.7,1,,0.5,,,,,2.7,,2.7,,,,,,
2000-12-09,PA28-151,N40857,LBE 6B6,1,3.1,,1,,,,1.1,,3.1,,3.1,,,,,,
2000-12-16,PA28-151,N40857,6B6 BED 6B6 FIT 6B6,1,1.1,8,,,,,,,,,1.1,,,,,,
2001-01-04,PA28-151,N40857,6B6 BED 6B6,1,0.7,2,,,,,,,,,0.7,,,,,,
2001-01-07,PA28-151,N40857,6B6 BED 6B6,1,2.5,3,,,1.6,6,,,,,2.5,,,,,,
2001-01-13,PA28-151,N40857,6B6 B18 8B8 LCI 6B6,1,2,4,,,,,,,2,,2,,,,,,
2001-01-14,PA28-151,N40857,6B6 MHT ASH BED 6B6,1,1,5,,,,,,,,,1,,,,,,
2001-01-26,PA28-151,N40857,6B6 BID 6B6,1,2.1,1,3,,,,0.8,,2.1,,2.1,,,,,,
2001-01-27,PA28-151,N40857,6B6 PYM TAN 6B6,1,1.3,3,,,,,,,,,1.3,,,,,,
2001-02-04,PA28-151,N40857,6B6 LEW DAW 6B6,1,2.8,3,,,,,,,2.8,,2.8,,,,,,
2001-02-15,PA28-151,N40857,6B6 EEN BED 6B6,1,1.9,6,,,,,,,1.9,,1.9,,,,,,
2001-02-18,PA28-151,N40857,6B6 IZG 6B6,1,2.2,2,,,,,,,2.2,,2.2,,,,,,
2001-02-19,PA28-151,N40857,6B6 FIT 6B6,1,0.8,6,,,,,,,,,0.8,,,,,,
2001-02-24,PA28-151,N40857,6B6 LWM BVY BED 6B6,1,1.4,10,,,,,,,,,1.4,,,,,,
2001-03-03,PA28-151,N40857,6B6 WST,1,1.2,2,,0.3,,,,,1.2,,1.2,,,,,,
2001-03-11,PA28-151,N40857,WST 6B6,1,1.1,1,,,,,,,1.1,,1.1,,,,,,
2001-03-15,PA28-151,N40857,6B6 FIT 6B6,1,1,8,,,,,,,,,1,,,,,,
2001-03-18,PA28-151,N40857,6B6 OWD 6B6,1,1,3,,,,,,,,,1,,,,,,
2001-03-25,PA28-151,N40857,6B6 ORH 8B5 6B6,1,1.2,5,,,,,,,,,1.2,,,,,,
2001-03-31,PA28-151,N40857,6B6 ORH BED 6B6,1,2.1,4,,0.4,,,,,,,2.1,,,,,,
2001-04-01,PA28-151,N40857,6B6 FIT 6B6,1,1.3,2,,0.6,,,,,,,1.3,,,,,,
2001-04-04,PA28-151,N40857,6B6 WST 6B6,1,1.6,2,,,,,,,1.6,,1.6,,,,,,
2001-04-05,PA28-151,N40857,6B6 BED ORH 6B6,1,1.1,3,,,,,,,,,1.1,,,,,,
2001-04-11,PA28-151,N40857,6B6 6B6,1,0.1,1,,,,,,,,,0.1,,,,,,
2001-04-11,PA28-151,N40857,6B6 BLM,1,2.1,1,,0.4,,,,,2.1,,2.1,,,,,,
2001-04-11,PA28-151,N40857,BLM SFQ,1,2.9,1,,2.7,,,,,2.9,,2.9,,,,,,
2001-04-11,PA28-151,N40857,SFQ CUB,1,3.2,,1,1,,,1,,3.2,,3.2,,,,,,
2001-04-15,PA28-151,N40857,CUB LBE,1,3.3,1,,0.2,,,,,3.3,,3.3,,,,,,
2001-04-16,PA28-151,N40857,LBE AVP,1,2,1,,1.5,,1,,,2,,2,,,,,,
2001-04-16,PA28-151,N40857,AVP 6B6,1,2.1,1,,0.1,,,,,2.1,,2.1,,,,,,
2001-04-16,PA28-151,N40857,6B6 6B6,1,0.2,1,,,,,,,,,0.2,,,,,,
2001-04-19,PA28-151,N40857,6B6 BED 6B6,1,1.1,,8,,,,1.1,,,,1.1,,,,,,
2001-04-26,PA28-151,N40857,6B6 PVC 6B6,1,1.6,1,1,,,,0.7,,1.6,,1.6,,,,,,
2001-04-29,PA28-151,N40857,6B6 8B1 6B6,1,1.2,3,,,,,,,,,1.2,,,,,,
2001-04-29,PA28-151,N40857,6B6 3B0 6B6,1,1,2,,,,,,,,,1,,,,,,
2001-05-03,PA28-151,N40857,6B6 BED 6B6,1,0.8,3,,,,,,,,,0.8,,,,,,
2001-05-03,PA28-151,N40857,6B6 6B6,1,0.8,5,,,,,,,,,0.8,,,,,,
2001-05-06,PA28-151,N40857,6B6 FIT BED 6B6,1,1.2,6,,,,,,,,,1.2,,,,,,
2001-05-08,PA28-151,N40857,6B6 LWM ASH 6B6,1,1.1,,6,,,,0.8,,,,1.1,,,,,,
2001-05-18,PA28-151,N40857,6B6 FIT 9B4 6B6,1,0.6,3,,,,,,,,,0.6,,,,,,
2001-05-20,PA28-151,N40857,6B6 OWD 6B6,1,0.8,2,,,,,,,,,0.8,,,,,,
2001-05-20,PA28-151,N40857,6B6 AFN 6B6,1,0.8,2,,,,,,,,,0.8,,,,,,
2001-05-25,PA28-151,N40857,6B6 FIT 6B6,1,0.6,3,,,,,,,,,0.6,,,,,,
2001-05-28,PA28-151,N40857,6B6 6B6,1,0.1,1,,,,,,,,,0.1,,,,,,
2001-05-28,PA28-151,N40857,6B6 BED 6B6,1,0.5,2,,,,,,,,,0.5,,,,,,
2001-06-05,PA28-151,N40857,6B6 BID PVD 6B6,1,2.2,,3,,,,2.2,,2.2,,2.2,,,,,,
2001-06-10,PA28-151,N40857,6B6 8B1 6B6,1,1.1,2,,,,,,,,,1.1,,,,,,
2001-06-21,PA28-151,N40857,6B6 6B6,1,0.4,1,,,,,,,,,0.4,,,,,,
2001-06-22,PA28-151,N40857,6B6 PNE,1,2.9,1,,0.6,,,,,2.9,,2.9,,,,,,
2001-06-25,PA28-151,N40857,PNE FIT,1,2.1,1,,,,,,,2.1,,2.1,,,,,,
2001-06-25,PA28-151,N40857,FIT 6B6,1,0.2,1,,,,,,,,,0.2,,,,,,
2001-07-01,PA28-151,N40857,6B6 FIT 6B6,1,0.7,3,,,,,,,,,0.7,,,,,,
2001-07-07,PA28-151,N40857,6B6 MVY,1,0.9,1,,,,,,,0.9,,0.9,,,,,,
2001-07-07,PA28-151,N40857,MVY 6B6,1,1,1,,,,,,,1,,1,,,,,,
2001-07-12,PA28-151,N40857,6B6 WST,1,0.8,1,,,,,,,0.8,,0.8,,,,,,
2001-07-23,PA28-151,N40857,WST 6B6,1,0.8,1,,,,,,,0.8,,0.8,,,,,,
2001-07-29,PA28-151,N40857,6B6 3B0 6B6,1,0.9,2,,,,,,,,,0.9,,,,,,
2001-08-01,PA28-151,N40857,6B6 BED 6B6,1,2.3,2,1,,1.5,6,0.2,,,,2.3,,,,,,
2001-08-11,PA28-151,N40857,6B6 LCI 8B8 6B6,1,1.7,3,,,,,,,1.7,,1.7,,,,,,
2001-08-18,PA28-151,N40857,6B6 BLM,1,2.3,1,,,,,,,2.3,,2.3,,,,,,
2001-08-18,PA28-151,N40857,BLM OXB,1,1.6,2,,,,,,,1.6,,1.6,,,,,,
2001-08-25,PA28-151,N40857,OBX SFQ,1,1.1,1,,,,,,,1.1,,1.1,,,,,,
2001-08-25,PA28-151,N40857,SFQ CUB,1,2.6,1,,,,,,,2.6,,2.6,,,,,,
2001-08-29,PA28-151,N40857,CUB SFQ,1,2.6,1,,0.2,,,,,2.6,,2.6,,,,,,
2001-08-29,PA28-151,N40857,SFQ BLM,1,2.5,1,,0.5,,,,,2.5,,2.5,,,,,,
2001-08-29,PA28-151,N40857,BLM 6B6,1,2.1,1,,,,,,,2.1,,2.1,,,,,,
2001-08-30,PA28-151,N40857,6B6 BED 6B6,1,0.7,,3,,,,0.7,,,,0.7,,,,,,
2001-08-31,PA28-151,N40857,6B6 FIT 3B3 6B6,1,1.1,7,,,,,,,,,1.1,,,,,,
2001-09-03,PA28-151,N40857,6B6 WST BID 6B6,1,2,3,,,,,,,2,,2,,,,,,
2001-09-03,PA28-151,N40857,6B6 6B6,1,0.6,1,,,,,,,,,0.6,,,,,,
2001-09-06,PA28-151,N40857,6B6 0B5 6B6,1,1.3,,3,,,,1,,,,1.3,,,,,,
2001-09-09,PA28-151,N40857,6B6 BED 6B6,1,0.5,1,1,,,,0.1,,,,0.5,,,,,,
2001-09-21,PA28-151,N40857,6B6 FIT 6B6,1,0.8,4,,,,,,,,,0.8,,,,,,
2001-09-22,PA28-151,N40857,6B6 ASH 6B6,1,0.9,4,,,,,,,,,0.9,,,,,,
2001-09-30,PA28-151,N40857,6B6 EEN 8B1 6B6,1,1.4,3,,,,,,,,,1.4,,,,,,
2001-10-10,PA28-151,N40857,6B6 DDH AQW 6B6,1,2.2,3,,,,,,,2.2,,2.2,,,,,,
2001-10-16,PA28-151,N40857,6B6 8B5 6B6,1,1,3,,,,,,,,,1,,,,,,
2001-10-21,PA28-151,N40857,6B6 WST,1,1,1,,,,,,,1,,1,,,,,,
2001-10-21,PA28-151,N40857,WST OWD,1,1.3,1,,,1.2,3,,,1.3,,1.3,,,,,,
2001-10-21,PA28-151,N40857,OWD 6B6,1,0.5,1,,,,,,,,,0.5,,,,,,
2001-10-28,PA28-151,N40857,6B6 8B8 LCI 6B6,1,1.8,3,,,,,,,1.8,,1.8,,,,,,
2001-11-04,PA28-151,N40857,6B6 8B1 6B6,1,1.2,2,,,,,,,,,1.2,,,,,,
2001-11-10,PA28-151,N40857,6B6 OWD,1,0.3,1,,,,,,,,,0.3,,,,,,
2001-11-10,PA28-151,N40857,OWD 0B8 WST,1,2.1,2,,,1.5,3,,,2.1,,2.1,,,,,,
2001-11-10,PA28-151,N40857,WST 6B6,1,0.6,,1,,,,0.6,,0.6,,0.6,,,,,,
2001-11-17,PA28-151,N40857,6B6 7B2 0B5 6B6,1,1.6,3,,,,,,,,,1.6,,,,,,
2001-11-18,PA28-151,N40857,6B6 CON LCI 6B6,1,1.5,2,1,,,,0.1,,1.5,,1.5,,,,,,
2001-11-21,PA28-151,N40857,6B6 6B6,1,0.2,1,,,,,,,,,0.2,,,,,,
2001-11-21,PA28-151,N40857,6B6 FIT 6B6,1,0.9,2,,,,,,,,,0.9,,,,,,
2001-11-22,PA28-151,N40857,6B6 AFN EEN 6B6,1,1.3,4,,,,,,,,,1.3,,,,,,
2001-11-23,PA28-151,N40857,6B6 ASH MHT 6B6,1,1.1,2,3,,,,0.6,,,,1.1,,,,,,
2001-11-24,PA28-151,N40857,6B6 6B6,1,1,1,,0.8,,3,,,,,1,,,,,,
2001-11-25,PA28-151,N40857,6B6 GDM 6B6,1,1.8,2,,0.6,,2,,,,,1.8,,,,,,
2001-12-08,PA28-151,N40857,6B6 ORH BED 6B6,1,1.2,5,,,,,,,,,1.2,,,,,,
2001-12-11,PA28-151,N40857,6B6 MMU,1,1.6,1,,,,,,,1.6,,1.6,,,,,,
2001-12-13,PA28-151,N40857,MMU BED,1,2.1,1,,1.7,,2,,,2.1,,2.1,,,,,,
2001-12-14,PA28-151,N40857,BED 6B6,1,0.3,1,,,,,,,,,0.3,,,,,,
2001-12-19,PA28-151,N40857,6B6 1B6 6B6,1,0.7,2,,,,,,,,,0.7,,,,,,
2001-12-21,PA28-151,N40857,6B6 BED 6B6,1,0.8,5,,,,,,,,,0.8,,,,,,
2001-12-22,PA28-151,N40857,6B6 LWM 6B6,1,0.8,4,,,,,,,,,0.8,,,,,,
2001-12-23,PA28-151,N40857,6B6 7B2 6B6,1,1.3,2,,,,,,,,,1.3,,,,,,
2001-12-25,PA28-151,N40857,6B6 ASH MHT FIT 6B6,1,1.2,2,4,,,,0.4,,,,1.2,,,,,,
2001-12-27,PA28-151,N40857,6B6 HIE 6B6,1,2.8,2,,,,,,,2.8,,2.8,,,,,,
2001-12-28,PA28-151,N40857,6B6 BED 6B6,1,0.6,4,,,,,,,,,0.6,,,,,,
2001-12-29,PA28-151,N40857,6B6 LWM BED 6B6,1,0.9,,5,,,,0.6,,,,0.9,,,,,,
2001-12-30,PA28-151,N40857,6B6 8B5 GDM 6B6,1,1.1,3,,,,,,,,,1.1,,,,,,
2001-12-31,PA28-151,N40857,6B6 OWD BED LWM 6B6,1,1.2,,4,,,,1.2,,,,1.2,,,,,,
2002-01-05,PA28-151,N40857,6B6 PVC OWD,1,1.3,2,,,,,,,1.3,,1.3,,,,,,
2002-01-05,PA28-151,N40857,OWD 6B6,1,0.3,1,,,,,,,,,0.3,,,,,,
2002-01-27,PA28-151,N40857,6B6 BED LWM ASH FIT 6B6,1,1.1,4,1,,,,0.1,,,,1.1,,,,,,
2002-02-09,PA28-151,N40857,6B6 EEN 6B6,1,1.8,2,,,,,,,,,1.8,,,,,,
2002-02-16,PA28-151,N40857,6B6 WST,1,0.8,1,,,,,,,0.8,,0.8,,,,,,
2002-02-23,PA28-151,N40857,WST 6B6,1,0.9,1,,,,,,,0.9,,0.9,,,,,,
2002-02-24,PA28-151,N40857,6B6 FIT 3B3 BED 6B6,1,1.1,8,,,,,,,,,1.1,,,,,,
2002-03-01,PA28-151,N40857,6B6 ORH BED 6B6,1,0.9,2,1,,,,0.1,,,,0.9,,,,,,
2002-03-02,PA28-151,N40857,6B6 AFN GDM FIT 6B6,1,1.3,7,,,,,,,,,1.3,,,,,,
2002-03-04,PA28-151,N40857,6B6 ORH 6B6,1,0.8,2,,,,,,,,,0.8,,,,,,
2002-03-14,PA28-151,N40857,6B6 7B2 OWD 6B6,1,1.8,4,,,,,,,1.8,,1.8,,,,,,
2002-03-16,PA28-151,N40857,6B6 FIT 6B6,1,0.6,2,,,,,,,,,0.6,,,,,,
2002-03-23,PA28-151,N40857,6B6 6B6,1,0.2,1,,,,,,,,,0.2,,,,,,
2002-03-24,PA28-151,N40857,6B6 BLM,1,2.3,1,,,,,,,2.3,,2.3,,,,,,
2002-03-24,PA28-151,N40857,BLM SFQ,1,2.6,1,,,,,,,2.6,,2.6,,,,,,
2002-03-24,PA28-151,N40857,SFQ 45J,1,2.3,1,,,,,,,2.3,,2.3,,,,,,
2002-03-24,PA28-151,N40857,45J CUB,1,1.1,1,,,,,,,1.1,,1.1,,,,,,
2002-03-28,PA28-151,N40857,CUB W90,1,2.2,1,,0.1,,,,,2.2,,2.2,,,,,,
2002-03-28,PA28-151,N40857,W90 LBE,1,1.8,1,,,,,,,1.8,,1.8,,,,,,
2002-03-30,PA28-151,N40857,LBE 5G8 LBE,1,0.6,4,,,,,,,,,0.6,,,,,,
2002-03-30,PA28-151,N40857,LBE 6B6,1,3,,1,,,,3,,3,,3,,,,,,
2002-03-31,PA28-151,N40857,6B6 FIT 6B6,1,0.6,,4,,,,0.6,,,,0.6,,,,,,
2002-04-07,PA28-151,N40857,6B6 BED FIT 6B6,1,1,2,3,,,,0.5,,,,1,,,,,,
2002-04-12,PA28-151,N40857,6B6 OWD,1,0.3,1,,,,,,,,,0.3,,,,,,
2002-04-12,PA28-236,N1777A,OWD OWD,1,1,1,,,,,,,,,,,1,,,,
2002-04-12,PA28-151,N40857,OWD 6B6,1,0.3,1,,,,,,,,,0.3,,,,,,
2002-04-14,PA28-151,N40857,6B6 BED,1,0.3,1,,,,,,,,,0.3,,,,,,
2002-04-14,PA28-151,N40857,BED BED,1,0.6,1,,,,,,,,,0.6,,,,,,
2002-04-14,PA28-151,N40857,BED 6B6,1,0.3,1,,,,,,,,,0.3,,,,,,
2002-04-15,PA28-151,N40857,6B6 LWM 6B6,1,2.1,2,,1,,3,,,,,2.1,,,,,,
2002-04-17,PA28-151,N40857,6B6 ASH,1,0.4,1,,,,,,,,,0.4,,,,,,
2002-04-19,PA28-151,N40857,ASH 6B6,1,0.4,,1,,,,0.4,,,,0.4,,,,,,
2002-04-20,PA28-151,N40857,6B6 GDM 6B6,1,0.8,2,,,,,,,,,0.8,,,,,,
2002-04-21,PA28-151,N40857,6B6 WST,1,0.9,2,,,,,,,0.9,,0.9,,,,,,
2002-04-21,PA28-151,N40857,WST WST,1,0.9,1,,,0.8,3,,,,,0.9,,,,,,
2002-04-21,PA28-151,N40857,WST OWD,1,0.7,1,,,,,,,0.7,,0.7,,,,,,
2002-04-21,PA28-151,N40857,OWD 6B6,1,0.4,1,,,,,,,,,0.4,,,,,,
2002-04-26,PA28-151,N40857,6B6 OWD,1,0.3,1,,,,,,,,,0.3,,,,,,
2002-04-26,PA28-151,N40857,OWD WST,1,0.8,,1,,,,0.7,,0.8,,0.8,,,,,,
2002-04-26,PA28-151,N40857,WST 6B6,1,0.9,,1,,,,0.9,,0.9,,0.9,,,,,,
2002-04-27,PA28-151,N40857,6B6 RUT B01 GFL 6B6,1,2.6,4,,,,,,,2.6,,2.6,,,,,,
2002-04-27,PA28-151,N40857,6B6 ASH LWM BED,1,1,3,,,,,,,,,1,,,,,,
2002-05-17,PA28-236,N1777A,OWD WST EWB OWD,1,2,2,,,,2,,,2,,2,,2,,,,
2002-05-27,PA28-236,N1777A,OWD BED 6B6 OWD,1,1.5,3,,,0.8,3,,,,,1.5,,1.5,,,,
2002-05-29,PA28-236,N1777A,OWD 6B6,1,0.3,1,,,,,,,,,0.3,,,,,,
2002-05-29,PA28-236,N1777A,6B6 BED 6B6,1,0.6,2,,,,,,,,,0.6,,,,,,
2002-05-30,PA28-236,N1777A,6B6 FIT 6B6,1,1,3,,,,,,,,,1,,,,,,
2002-06-02,PA28-236,N1777A,6B6 GDM FIT BED 6B6,1,1.1,1,3,,,,0.8,,,,1.1,,,,,,
2002-06-03,PA28-236,N1777A,6B6 0B5 EEN 6B6,1,1.6,1,2,,,,0.6,,,,1.6,,,,,,
2002-06-08,PA28-236,N1777A,6B6 6B6,1,0.3,2,,,,,,,,,0.3,,,,,,
2002-06-08,PA28-236,N1777A,6B6 LBE,1,3.3,1,,,,,,,3.3,,3.3,,,,,,
2002-06-10,PA28-236,N1777A,LBE Q08,1,1.3,1,,0.3,,,,,1.3,,1.3,,,,,,
2002-06-10,PA28-236,N1777A,Q08 6B6,1,2.1,1,,,,,,,2.1,,2.1,,,,,,
2002-06-13,PA28-236,N1777A,6B6 AFN 6B6,1,0.9,2,,,,,,,,,0.9,,,,,,
2002-06-13,PA28-236,N1777A,6B6 FIT BED 6B6,1,0.9,1,3,,,,0.4,,,,0.9,,,,,,
2002-06-16,PA28-236,N1777A,6B6 BED FIT 6B6,1,1.1,2,,0.7,,4,,,,,1.1,,,,,,
2002-06-17,PA28-236,N1777A,6B6 1B9,1,0.5,1,,,,,,,,,0.5,,,,,,
2002-06-17,PA28-236,N1777A,1B9 6B6,1,0.7,,1,,,,0.1,,,,0.7,,,,,,12
2002-06-18,PA28-236,N1777A,6B6 LCI,1,0.7,1,,,,,,,0.7,,0.7,,,,,,
2002-06-18,PA28-236,N1777A,LCI 8B8 6B6,1,1,2,1,,,,0.3,,1,,1,,,,,,19
2002-06-19,PA28-236,N1777A,6B6 LWM ASH 6B6,1,1.1,2,1,,,,0.4,,,,1.1,,,,,,
2002-06-20,PA28-236,N1777A,6B6 8B5,1,0.4,1,,,,,,,,,0.4,,,,,,16
2002-06-20,PA28-236,N1777A,8B5 6B6,1,0.4,1,,,,,,,,,0.4,,,,,$2.00,16
2002-06-20,PA28-236,N1777A,6B6 FIT 6B6,1,0.5,3,,,,,,,,,0.5,,,,,,
2002-06-23,PA28-236,N1777A,6B6 1B9,1,0.4,1,,0.2,,,,,,,0.4,,,,,,
2002-06-23,PA28-236,N1777A,1B9 6B6,1,0.4,1,,,,,,,,,0.4,,,,,,
2002-06-24,PA28-236,N1777A,6B6 FIT 6B6,1,0.9,2,1,,,,0.2,,,,0.9,,,,,,
2002-06-25,PA28-236,N1777A,6B6 ORH,1,0.3,1,,,,,,,,,0.3,,,,,,
2002-06-25,PA28-236,N1777A,ORH 8B5,1,0.3,1,,,,,,,,,0.3,,,,,$2.00,32
2002-06-25,PA28-236,N1777A,8B5 6B6,1,0.3,1,,,,,,,,,0.3,,,,,,
2002-06-26,PA28-236,N1777A,6B6 ORH,1,0.3,1,,,,,,,,,0.3,,,,,,
2002-06-26,PA28-236,N1777A,ORH 6B6,1,0.3,1,,,,,,,,,0.3,,,,,,9
2002-06-28,PA28-236,N1777A,6B6 6B6,1,0.3,2,,,,,,,,,0.3,,,,,,
2002-06-29,PA28-236,N1777A,6B6 SFQ,1,3.5,1,,,,,,,3.5,,3.5,,,,,,48
2002-06-29,PA28-236,N1777A,SFQ CUB,1,2.4,1,,,,,,,2.4,,2.4,,,,,,
2002-06-30,PA28-236,N1777A,CUB 35A,1,0.7,1,,,,,,,0.7,,0.7,,,,,,39
2002-06-30,PA28-236,N1777A,35A CUB,1,0.7,1,,,,,,,0.7,,0.7,,,,,,6
2002-07-03,PA28-236,N1777A,CUB SFQ,1,2.6,1,,,,,,,2.6,,2.6,,,,,,34
2002-07-03,PA28-236,N1777A,SFQ JGG,1,0.5,1,,0.2,,,,,,,0.5,,,,,,5
2002-07-03,PA28-236,N1777A,JGG HEF,1,1.1,1,,0.2,,,,,1.1,,1.1,,,,,,13
2002-07-05,PA28-236,N1777A,HEF 6B6,1,3.5,1,,,,,,,3.5,,3.5,,,,,,45
2002-07-07,PA28-236,N1777A,6B6 OWD,1,0.3,1,,,,,,,,,0.3,,,,,,
2002-07-07,PA28-236,N1777A,OWD 6B6,1,0.4,1,,,,,,,,,0.4,,,,,,
2002-07-07,PA28-236,N1777A,6B6 6B6,1,0.1,1,,,,,,,,,0.1,,,,,,
2002-07-07,PA28-236,N1777A,6B6 FIT 6B6,1,0.9,2,,0.6,,2,,,,,0.9,,,,,,
2002-07-14,PA28-236,N1777A,6B6 6B6,1,0.4,2,,,,,,,,,0.4,,,,,,
2002-07-15,PA28-236,N1777A,6B6 FIT 6B6,1,0.5,2,,,,,,,,,0.5,,,,,,
2002-07-22,PA28-236,N1777A,6B6 WST,1,0.7,1,,,,,,,,,0.7,,,,,,37
2002-07-31,PA28-236,N1777A,WST 6B6,1,1,2,,,,,,,1,,1,,,,,,
2002-08-01,PA28-236,N1777A,6B6 8B5,1,0.4,1,,,,,,,,,0.4,,,,,,
2002-08-01,PA28-236,N1777A,8B5 WST,1,0.7,1,,,,,,,0.7,,0.7,,,,,,
2002-08-01,PA28-236,N1777A,WST 6B6,1,0.7,1,,,,,,,0.7,,0.7,,,,,,
2002-08-01,PA28-236,N1777A,6B6 BED,1,0.3,1,,,,,,,,,0.3,,,,,,
2002-08-01,PA28-236,N1777A,BED 6B6,1,0.3,1,,,,,,,,,0.3,,,,,,
2002-08-01,PA28-236,N1777A,6B6 FIT 6B6,1,0.4,2,,,,,,,,,0.4,,,,,,38
2002-08-04,PA28-236,N1777A,6B6 1B2,1,0.9,1,,,,,,,0.9,,0.9,,,,,,
2002-08-04,PA28-236,N1777A,1B2 6B6,1,0.9,1,,0.1,,,,,0.9,,0.9,,,,,,21
2002-08-10,PA28-236,N1777A,6B6 OWD 6B6,1,0.6,2,,,,,,,,,0.6,,,,,,
2002-08-11,PA28-236,N1777A,6B6 OWD,1,0.3,1,,,,,,,,,0.3,,,,,,
2002-08-11,PA28-236,N1777A,OWD MVY,1,0.7,1,,,,,,,0.7,,0.7,,,,,,
2002-08-11,PA28-236,N1777A,MVY OWD,1,0.9,1,,,,,,,0.9,,0.9,,,,,,
2002-08-11,PA28-236,N1777A,OWD 6B6,1,0.4,1,,,,,,,,,0.4,,,,,,
2002-08-17,PA28-236,N1777A,6B6 EEN 8B1,1,0.8,2,,,,,,,,,0.8,,,,,,
2002-08-17,PA28-236,N1777A,8B1 6B6,1,0.5,1,,,,,,,,,0.5,,,,,,44
2002-08-21,PA28-236,N1777A,6B6 LWM ASH 6B6,1,1,2,3,,,,0.7,,,,1,,,,,,11
2002-08-31,PA28-236,N1777A,6B6 LBE,1,3,1,,,,,,,3,,3,,,,,,
2002-09-03,PA28-236,N1777A,LBE 6B6,1,3.5,1,,,,,,,3.5,,3.5,,,,,,
2002-09-04,PA28-236,N1777A,6B6 OWD BED 6B6,1,1.1,1,3,,,,0.8,,,,1.1,,,,,,53
2002-09-06,PA28-236,N1777A,6B6 LBE,1,3,,1,,,,0.9,,3,,3,,,,,,40
2002-09-07,PA28-236,N1777A,LBE 6B6,1,3.4,,1,,,,0.2,,3.4,,3.4,,,,,,
2002-09-08,PA28-236,N1777A,6B6 FIT 6B6,1,0.6,3,,,,,,,,,0.6,,,,,,49
2002-09-18,PA28-236,N1777A,6B6 ORH,1,0.3,1,,,,,,,,,0.3,,,,,,
2002-09-20,PA28-236,N1777A,ORH 6B6,1,0.5,,1,,,,0.1,,,,0.5,,,,,,
2002-09-21,PA28-236,N1777A,6B6 AFN 6B6,1,0.8,2,,,,,,,,,0.8,,,,,,16
2002-09-23,PA28-236,N1777A,6B6 BED FIT 6B6,1,0.9,2,2,,,,0.5,,,,0.9,,,,,,
2002-09-24,PA28-236,N1777A,6B6 ORH,1,0.4,1,,,,,,,,,0.4,,,,,,
2002-09-26,PA28-236,N1777A,ORH 6B6,1,0.4,1,,,,,,,,,0.4,,,,,,18
2002-10-06,PA28-236,N1777A,6B6 ORE 6B6,1,1.1,2,,,,,,,,,1.1,,,,,,
2002-10-06,PA28-236,N1777A,6B6 OWD,1,0.3,1,,,,,,,,,0.3,,,,,,
2002-10-06,PA28-236,N1777A,OWD OWD,1,2.1,1,,,1.8,6,,,,,2.1,,,,,,
2002-10-06,PA28-236,N1777A,OWD 6B6,1,0.4,1,,,,,,,,,0.4,,,,,,39
2002-10-17,PA28-236,N1777A,6B6 6B6,1,0.2,1,,,,,,,,,0.2,,,,,,
2002-10-18,PA28-236,N1777A,6B6 SFQ,1,3.8,1,,,,,,,3.8,,3.8,,,,,,53
2002-10-18,PA28-236,N1777A,SFQ CUB,1,2.5,1,,,,,,,2.5,,2.5,,,,,,32
2002-10-22,PA28-236,N1777A,CUB SFQ,1,2.5,1,,0.3,,,,,2.5,,2.5,,,,,,32
2002-10-22,PA28-236,N1777A,SFQ 6B6,1,3.1,1,,,,,,,3.1,,3.1,,,,,,41
2002-11-09,PA28-236,N1777A,6B6 CON 6B6,1,1.2,2,,,,,,,,,1.2,,,,,,14
2002-11-19,PA28-236,N1777A,6B6 ASH EEN 6B6,1,1.4,3,,0.1,,,,,,,1.4,,,,,,16
2002-11-30,PA28-236,N1777A,6B6 WST,1,0.9,1,,,,,,,0.9,,0.9,,,,,,
2002-11-30,PA28-236,N1777A,WST OWD,1,0.7,,1,,,,0.7,,0.7,,0.7,,,,,,
2002-11-30,PA28-236,N1777A,OWD 6B6,1,0.3,,1,,,,0.3,,,,0.3,,,,,,21
2002-12-22,PA28-236,N1777A,6B6 ORH BED 6B6,1,1.1,5,,,,,,,,,1.1,,,,,,
2002-12-24,PA28-236,N1777A,6B6 PSF 6B6,1,1.7,2,,,,,,,1.7,,1.7,,,,,,33
2002-12-27,PA28-236,N1777A,6B6 BED LWM FIT 6B6,1,1.4,5,3,,,,0.4,,,,1.4,,,,,,
2002-12-28,PA28-236,N1777A,6B6 ASH 6B6,1,0.8,3,,,,,,,,,0.8,,,,,,21
2002-12-30,PA28-236,N1777A,6B6 AFN GDM FIT 6B6,1,1.1,3,1,,,,0.1,,,,1.1,,,,,,12
2003-01-05,PA28-236,N1777A,6B6 OWD,1,0.5,1,,,,,,,,,0.5,,,,,,
2003-01-05,PA28-236,N1777A,OWD WST,1,0.7,1,,,,,,,0.7,,0.7,,,,,,
2003-01-05,PA28-236,N1777A,WST 6B6,1,0.7,1,,,,,,,0.7,,0.7,,,,,,
2003-01-26,PA28-236,N1777A,6B6 PVC 6B6,1,1.4,2,,,,,,,1.4,,1.4,,,,,,38
2003-02-25,PA28-236,N1777A,6B6 EEN 6B6,1,1.1,1,1,,,,0.1,,,,1.1,,,,,,
2003-02-26,PA28-236,N1777A,6B6 BID WST,1,1.1,1,1,,,,0.1,,1.1,,1.1,,,,,,
2003-03-08,PA28-236,N1777A,WST 6B6,1,0.7,1,,,,,,,0.7,,0.7,,,,,,39
2003-03-12,PA28-236,N1777A,6B6 PVC 6B6,1,1.7,,3,0.2,,,1.7,,1.7,,1.7,,,,,,18
2003-03-16,PA28-236,N1777A,6B6 OWD PVC OWD 6B6,1,2.5,4,,,,,,,2.5,,2.5,,,,,,27
2003-03-22,PA28-236,N1777A,6B6 PVC 6B6,1,2.2,3,,1.2,,3,,,2.2,,2.2,,,,,,28
2003-03-23,PA28-236,N1777A,6B6 GDM 6B6,1,0.8,3,,,,,,,,,0.8,,,,,,9
2003-03-24,PA28-236,N1777A,6B6 OWD OWD 6B6,1,1.9,1,2,,1.2,3,0.9,,,,1.9,,,,,,23
2003-04-06,PA28-236,N1777A,6B6 FIT 0B5 EEN 6B6,1,1.3,3,1,,,,0.3,,,,1.3,,,,,,17
2003-04-12,PA28-236,N1777A,6B6 LWM BED 6B6,1,0.9,2,1,,,,0.2,,,,0.9,,,,,,
2003-04-13,PA28-236,N1777A,6B6 EEN 6B6,1,1,2,,,,,,,,,1,,,,,,
2003-04-13,PA28-236,N1777A,6B6 3B2 6B6,1,1,2,,,,,,,,,1,,,,,,31
2003-04-18,PA28-236,N1777A,6B6 LBE,1,3.6,1,,0.8,,,,,3.6,,3.6,,,,,$3.10,52
2003-04-20,PA28-236,N1777A,LBE 6B6,1,2.9,1,1,,,,0.2,,2.9,,2.9,,,,,,37
2003-04-21,PA28-236,N1777A,6B6 OWD SFZ 6B6,1,1.1,3,,,,,,,,,1.1,,,,,,12
2003-04-27,PA28-236,N1777A,6B6 EWB TAN 6B6,1,1.4,6,,,,,,,1.4,,1.4,,,,,,16
2003-05-03,PA28-236,N1777A,6B6 3B3 FIT 6B6,1,0.7,6,,,,,,,,,0.7,,,,,,
2003-05-04,PA28-236,N1777A,6B6 3B2 PVC 6B6,1,1.5,3,1,,,,0.2,,1.5,,1.5,,,,,,
2003-05-05,PA28-236,N1777A,6B6 FIT,1,0.2,1,,,,,,,,,0.2,,,,,$2.80,27
2003-05-05,PA28-236,N1777A,FIT 6B6,1,0.3,1,,,,,,,,,0.3,,,,,,
2003-05-10,PA28-236,N1777A,6B6 ASH 6B6,1,0.9,2,,,,,,,,,0.9,,,,,,
2003-05-11,PA28-236,N1777A,6B6 AFN,1,0.4,1,,,,,,,,,0.4,,,,,,
2003-05-11,PA28-236,N1777A,AFN FIT,1,0.3,1,,,,,,,,,0.3,,,,,,20
2003-05-11,PA28-236,N1777A,FIT 6B6,1,0.3,1,,,,,,,,,0.3,,,,,,
2003-05-17,PA28-236,N1777A,6B6 FIT 6B6,1,0.5,4,,,,,,,,,0.5,,,,,,
2003-05-18,PA28-236,N1777A,6B6 SFZ 6B6,1,1,4,,,,,,,,,1,,,,,,19
2003-05-25,PA28-236,N1777A,6B6 SFZ,1,0.7,1,,0.5,,1,,,,,0.7,,,,,,
2003-05-25,PA28-236,N1777A,SFZ 6B6,1,1.1,1,,0.9,,3,,,,,1.1,,,,,,24
2003-05-25,PA28-236,N1777A,6B6 6B6,1,0.3,2,,,,,,,,,0.3,,,,,,
2003-05-27,PA28-236,N1777A,6B6 OWD 1B9 OWD PVC OWD 6B6,1,2.3,2,4,,,,1.6,,2.3,,2.3,,,,,,23
2003-06-15,PA28-236,N1777A,6B6 BID,1,0.6,1,,,,,,,0.6,,0.6,,,,,,
2003-06-15,PA28-236,N1777A,BID 6B6,1,3.2,,1,,,,2,,,,3.2,,,,,,
2003-06-16,PA28-236,N1777A,6B6 FIT 6B6,1,0.4,2,,,,,,,,,0.4,,,,,,58
2003-06-21,PA28-236,N1777A,6B6 FIT 6B6,1,0.7,2,,,,,,,,,0.7,,,,,,
2003-06-22,PA28-236,N1777A,6B6 FIT,1,0.2,1,,,,,,,,,0.2,,,,,,11
2003-06-22,PA28-236,N1777A,FIT 6B6,1,0.5,3,,,,,,,,,0.5,,,,,,
2003-06-23,PA28-236,N1777A,6B6 SFZ 6B6,1,0.9,3,,,,,,,,,0.9,,,,,,14
2003-06-28,PA28-236,N1777A,6B6 BED 6B6,1,0.5,3,,,,,,,,,0.5,,,,,,
2003-06-29,PA28-236,N1777A,6B6 0B5 7B2 6B6,1,1.1,3,,,,,,,,,1.1,,,,,,20
2003-07-05,PA28-236,N1777A,6B6 SFQ,1,3.7,1,,1.3,,,,,3.7,,3.7,,,,,$1.95,54
2003-07-05,PA28-236,N1777A,SFQ CUB,1,2.5,1,,,,,,,2.5,,2.5,,,,,$2.88,34
2003-07-09,PA28-236,N1777A,CUB LBE,1,3.3,1,,0.4,,1,,,3.3,,3.3,,,,,$3.10,46
2003-07-10,PA28-236,N1777A,LBE FIT,1,2.7,1,,0.2,,,,,2.7,,2.7,,,,,,36
2003-07-10,PA28-236,N1777A,FIT 6B6,1,0.2,1,,,,,,,,,0.2,,,,,$2.68,
2003-07-10,PA28-236,N1777A,6B6 6B6,1,0.1,1,,,,,,,,,0.1,,,,,,
2003-07-12,PA28-236,N1777A,6B6 6B6,1,0.5,3,,,,,,,,,0.5,,,,,,
2003-07-13,PA28-236,N1777A,6B6 1B2,1,0.9,1,,,,,,,0.9,,0.9,,,,,,
2003-07-13,PA28-236,N1777A,1B2 SFZ,1,0.6,1,,,,,,,0.6,,0.6,,,,,,
2003-07-13,PA28-236,N1777A,SFZ SFZ,1,1.2,1,,,,,,,,,1.2,,,,,,
2003-07-13,PA28-236,N1777A,SFZ 6B6,1,0.5,1,,,,,,,,,0.5,,,,,,
2003-07-18,PA28-236,N1777A,6B6 2G9,1,3.7,1,,,,,,,3.7,,3.7,,,,,$2.15,55
2003-07-18,PA28-236,N1777A,2G9 LBE,1,0.3,1,,,,,,,,,0.3,,,,,,
2003-07-19,PA28-236,N1777A,LBE 6B6,1,2.7,1,,,,,,,2.7,,2.7,,,,,,41
2003-07-20,PA28-236,N1777A,6B6 LEW,1,1.2,1,,,,,,,1.2,,1.2,,,,,,18
2003-07-20,PA28-236,N1777A,LEW 6B6,1,1.1,1,,,,,,,1.1,,1.1,,,,,,13
2003-07-26,PA28-236,N1777A,6B6 SFZ 6B6,1,1,2,,,,,,,,,1,,,,,,
2003-08-09,PA28-236,N1777A,6B6 FIT 6B6,1,0.5,3,,,,,,,,,0.5,,,,,,
2003-08-14,PA28-236,N1777A,6B6 BED 6B6,1,0.5,,3,,,,0.5,,,,0.5,,,,,,
2003-08-17,PA28-236,N1777A,6B6 FIT,1,0.2,1,,,,,,,,,0.2,,,,,,27
2003-08-17,PA28-236,N1777A,FIT 6B6,1,0.3,1,,,,,,,,,0.3,,,,,,
2003-08-21,PA28-236,N1777A,6B6 6B6,1,0.1,1,,,,,,,,,0.1,,,,,,
2003-08-22,PA28-236,N1777A,6B6 SFQ,1,3.9,1,,3,,,,,3.9,,3.9,,,,,,56
2003-08-22,PA28-236,N1777A,SFQ CUB,1,2.3,1,,,,,,,2.3,,2.3,,,,,$2.88,11
2003-08-31,PA28-236,N1777A,CUB SFQ,1,2.2,1,,0.2,,,,,2.2,,2.2,,,,,$2.09,51
2003-08-31,PA28-236,N1777A,SFQ 6B6,1,3.2,1,,0.3,,,,,3.2,,3.2,,,,,,
2003-09-01,PA28-236,N1777A,6B6 FIT,1,0.2,1,,,,,,,,,0.2,,,,,,42
2003-09-01,PA28-236,N1777A,FIT WST,1,0.7,1,,,,,,,0.7,,0.7,,,,,,
2003-09-01,PA28-236,N1777A,WST OWD,1,0.6,1,,,,,,,0.6,,0.6,,,,,,
2003-09-01,PA28-236,N1777A,OWD FIT,1,0.4,1,,,,,,,,,0.4,,,,,,21
2003-09-01,PA28-236,N1777A,FIT 6B6,1,0.2,1,,,,,,,,,0.2,,,,,,
2003-09-14,PA28-236,N1777A,6B6 6B6,1,1.6,1,,1,,2,,,,,1.6,,,,,,
2003-09-18,PA28-236,N1777A,6B6 OWD,1,0.3,1,,,,,,,,,0.3,,,,,,
2003-09-18,PA28-236,N1777A,OWD WST,1,0.6,1,,,,,,,0.6,,0.6,,,,,,
2003-09-18,PA28-236,N1777A,WST 6B6,1,0.6,1,,,,,,,0.6,,0.6,,,,,,
2003-09-20,PA28-236,N1777A,6B6 FIT,1,0.3,1,,,,,,,,,0.3,,,,,$2.68,46
2003-09-20,PA28-236,N1777A,FIT 6B6,1,0.2,1,,,,,,,,,0.2,,,,,,
2003-09-24,PA28-236,N1777A,6B6 ORH 6B6,1,0.8,2,,,,,,,,,0.8,,,,,,
2003-10-05,PA28-236,N1777A,6B6 EEN 6B6,1,1.3,2,4,,,,0.7,,,,1.3,,,,,,
2003-10-08,PA28-236,N1777A,6B6 ORH FIT,1,1.1,3,,,,,,,,,1.1,,,,,,37
2003-10-08,PA28-236,N1777A,FIT 6B6,1,0.2,1,,,,,,,,,0.2,,,,,,
2003-10-13,PA28-236,N1777A,6B6 ORH 6B6,1,0.8,,3,,,,0.6,,,,0.8,,,,,,
2003-10-15,PA28-236,N1777A,6B6 BED 6B6,1,0.6,4,,,,,,,,,0.6,,,,,,
2003-10-18,PA28-236,N1777A,6B6 AFN,1,0.5,1,,,,,,,,,0.5,,,,,,22
2003-10-18,PA28-236,N1777A,AFN 6B6,1,0.5,1,,,,,,,,,0.5,,,,,,
2003-10-18,PA28-236,N1777A,6B6 ASH 6B6,1,0.7,,3,,,,0.7,,,,0.7,,,,,,
2003-11-01,PA28-236,N1777A,6B6 ORH 6B6,1,0.7,4,,,,,,,,,0.7,,,,,,
2003-11-02,PA28-236,N1777A,6B6 ASH LWM BED 6B6,1,0.9,5,,,,,,,,,0.9,,,,,,
2003-11-08,PA28-236,N1777A,6B6 GDM FIT,1,0.8,5,,,,,,,,,0.8,,,,,$2.68,38
2003-11-08,PA28-236,N1777A,FIT 6B6,1,0.2,1,,,,,,,,,0.2,,,,,,
2003-11-16,PA28-236,N1777A,6B6 LCI 8B8 6B6,1,1.5,3,,,,,,,1.5,,1.5,,,,,,
2003-11-27,PA28-236,N1777A,6B6 PVC 6B6,1,1.4,3,,,,,,,1.4,,1.4,,,,,,
2003-11-30,PA28-236,N1777A,6B6 FIT,1,0.3,1,,,,,,,,,0.3,,,,,,42
2003-11-30,PA28-236,N1777A,FIT 6B6,1,0.2,1,,,,,,,,,0.2,,,,,,
2003-12-04,PA28-236,N1777A,6B6 ASH GDM 6B6,1,1,,3,,,,1,,,,1,,,,,,
2003-12-20,PA28-236,N1777A,6B6 8B1 6B6,1,1.1,4,,,,,,,,,1.1,,,,,,
2003-12-21,PA28-236,N1777A,6B6 OWD,1,0.3,1,,,,,,,,,0.3,,,,,,
2003-12-21,PA28-236,N1777A,OWD OWD,1,1.8,1,,,1.6,6,,,,,1.8,,,,,,
2003-12-21,PA28-236,N1777A,OWD 6B6,1,0.3,1,,,,,,,,,0.3,,,,,,52
2003-12-22,PA28-236,N1777A,6B6 ORH,1,0.4,1,,,,,,,,,0.4,,,,,,
2003-12-22,PA28-236,N1777A,ORH 6B6,1,0.3,1,,,,,,,,,0.3,,,,,,
2003-12-22,PA28-236,N1777A,6B6 BED 6B6,1,0.8,,4,,,,0.8,,,,0.8,,,,,,
2003-12-23,PA28-236,N1777A,6B6 6B6,1,0.5,2,,,,,,,,,0.5,,,,,,
2003-12-26,PA28-236,N1777A,6B6 FIT 6B6,1,0.6,,3,,,,0.6,,,,0.6,,,,,,
2003-12-27,PA28-236,N1777A,6B6 LWM 6B6,1,1,1,3,,,,0.3,,,,1,,,,,,33
2003-12-28,PA28-236,N1777A,6B6 OWD PVC OWD 6B6,1,1.8,,4,,,,1.8,,1.2,,1.8,,,,,,
2003-12-29,PA28-236,N1777A,6B6 EEN,1,0.7,1,,,,,,,,,0.7,,,,,,27
2003-12-29,PA28-236,N1777A,EEN 6B6,1,0.4,,1,,,,0.2,,,,0.4,,,,,,
2003-12-31,PA28-236,N1777A,6B6 ASH FIT 6B6,1,0.9,,4,,,,0.9,,,,0.9,,,,,,
2004-02-12,PA28-236,N1777A,6B6 WST,1,1,,3,,,,1,,,,1,,,,,,
2004-02-26,PA28-236,N1777A,WST OWD 6B6,1,1.2,,3,,,,1.2,,,,1.2,,,,,,43
2004-02-29,PA28-236,N1777A,6B6 GDM AFN 6B6,1,1,4,,,,,,,,,1,,,,,,
2004-03-10,PA28-236,N1777A,6B6 OWD WST 6B6,1,1.8,,3,,,,1.8,,,,1.8,,,,,,
2004-03-28,PA28-236,N1777A,6B6 FIT BED 6B6,1,0.8,3,2,,,,0.2,,,,0.8,,,,,,
2004-04-12,PA28-236,N1777A,6B6 BED 6B6,1,0.5,2,,,,,,,,,0.5,,,,,,45
2004-04-17,PA28-236,N1777A,6B6 3B3 FIT 6B6,1,0.6,4,,,,,,,,,0.6,,,,,,
2004-04-18,PA28-236,N1777A,6B6 FIT 6B6,1,0.6,3,,,,,,,,,0.6,,,,,,
2004-04-20,PA28-236,N1777A,6B6 6B6,1,0.3,2,,,,,,,,,0.3,,,,,,
2004-04-22,PA28-236,N1777A,6B6 ORH 6B6,1,0.7,4,,,,,,,,,0.7,,,,,,
2004-04-25,PA28-236,N1777A,6B6 FIT 6B6,1,0.6,5,,,,,,,,,0.6,,,,,,
2004-05-09,PA28-236,N1777A,6B6 BED 6B6,1,0.5,3,,,,,,,,,0.5,,,,,,33
2004-05-17,PA28-236,N1777A,6B6 LWM BED 6B6,1,0.6,3,,,,,,,,,0.6,,,,,,
2004-05-27,PA28-236,N1777A,6B6 FIT 6B6,1,0.8,,3,,,,0.3,,,,0.8,,,,,,
2004-05-29,PA28-236,N1777A,6B6 OWD 6B6,1,0.6,3,,,,,,,,,0.6,,,,,,23
2004-05-30,PA28-236,N1777A,6B6 OWD,1,0.3,1,,,,,,,,,0.3,,,,,,
2004-05-30,PA28-236,N1777A,OWD TAN OWD,1,1,3,,,,,,,,,1,,1,,,,
2004-05-30,PA28-236,N1777A,OWD 6B6,1,0.4,1,,,,,,,,,0.4,,,,,,
2004-05-31,PA28-236,N1777A,6B6 1B6 9B1 6B6,1,0.6,3,,,,,,,,,0.6,,,,,,
2004-06-10,PA28-236,N1777A,6B6 OWD,1,0.3,1,,,,,,,,,0.3,,,,,,
2004-06-11,PA28-236,N1777A,OWD 6B6,1,0.8,2,,,,,,,,,0.8,,,,,$3.04,27
2004-06-13,PA28-236,N1777A,6B6 ASH FIT 6B6,1,0.7,2,1,,,,0.1,,,,0.7,,,,,,
2004-06-16,PA28-236,N1777A,6B6 6B6,1,1.2,,1,,1,4,0.1,,,,1.2,,,,,,
2004-06-19,PA28-236,N1777A,6B6 FIT,1,0.2,1,,,,,,,,,0.2,,,,,$2.78,32
2004-06-19,PA28-236,N1777A,FIT 6B6,1,0.2,1,,,,,,,,,0.2,,,,,,
2004-06-20,PA28-236,N1777A,6B6 3B3 6B6,1,0.6,1,,,,,,,,,0.6,,,,,,
2004-06-24,PA28-236,N1777A,6B6 OWD 6B6,1,1.2,2,1,,0.4,2,0.3,,,,1.2,,,,,,
2004-06-27,PA28-236,N1777A,6B6 6B6,1,0.3,1,,,,,,,,,0.3,,,,,,
2004-07-15,PA28-236,N1777A,6B6 1B6 9B1 6B6,1,0.6,4,,,,,,,,,0.6,,,,,,
2004-07-25,PA28-236,N1777A,6B6 FIT 6B6,1,0.5,2,,,,,,,,,0.5,,,,,$3.28,35
2004-08-27,PA28-236,N1777A,6B6 MVY,1,0.8,1,,,,,,,0.8,,0.8,,,,,,
2004-08-27,PA28-236,N1777A,MVY 6B6,1,0.8,1,,,,,,,0.8,,0.8,,,,,,
2004-09-01,PA28-236,N1777A,6B6 ORH FIT 6B6,1,0.9,,4,,,,0.9,,,,0.9,,,,,,
2004-09-06,PA28-236,N1777A,6B6 PYM,1,0.6,1,,,,,,,0.6,,0.6,,,,,$3.02,39
2004-09-06,PA28-236,N1777A,PYM 6B6,1,0.5,1,,,,,,,0.1,,0.5,,,,,,
2004-09-11,PA28-236,N1777A,6B6 AUG,1,1.2,1,,,,,,,1.2,,1.2,,,,,,
2004-09-12,PA28-236,N1777A,AUG 6B6,1,1.2,1,,,,,,,1.2,,1.2,,,,,,40
2004-09-24,PA28-236,N1777A,6B6 PVC 6B6,1,1.4,1,1,,,,0.7,,1.4,,1.4,,,,,,
2004-10-03,PA28-236,N1777A,6B6 EEN 6B6,1,1.1,3,,,,,,,,,1.1,,,,,,
2004-11-11,PA28-236,N1777A,6B6 EEN,1,0.6,1,,,,,,,,,0.6,,,,,$3.24,38
2004-11-11,PA28-236,N1777A,EEN 6B6,1,0.5,1,,,,,,,,,0.5,,,,,,
2004-11-17,PA28-236,N1777A,6B6 6B6,1,0.6,1,,,,,,,,,0.6,,,,,,
2004-11-25,PA28-236,N1777A,6B6 6B6,1,0.5,2,,,,,,,,,0.5,,,,,,
2004-12-12,PA28-236,N1777A,6B6 ORH 6B6,1,0.8,2,,,,,,,,,0.8,,,,,,
2004-12-12,PA28-236,N1777A,6B6 6B6,1,0.5,,3,,,,0.5,,,,0.5,,,,,,
2004-12-29,PA28-236,N1777A,6B6 WST,1,0.8,1,,,,,,,0.8,,0.8,,,,,,
2004-12-29,PA28-236,N1777A,WST 6B6,1,0.8,1,,,,,,,0.8,,0.8,,,,,,45
2005-01-02,PA28-236,N1777A,6B6 LCI CON 6B6,1,1.7,3,,,,,,,1.7,,1.7,,,,,$2.49,21
2005-03-13,PA28-236,N1777A,6B6 6B6,1,1.1,1,,,,,,,,,1.1,,,,,,
2005-03-19,PA28-236,N1777A,6B6 WST,1,0.9,3,,,,,,,0.9,,0.9,,,,,,
2005-03-25,PA28-236,N1777A,WST OWD 6B6,1,1,2,,,,,,,1,,1,,,,,,
2005-03-27,PA28-236,N1777A,6B6 FIT 6B6,1,0.6,4,,,,,,,,,0.6,,,,,,41
2005-04-14,PA28-236,N1777A,6B6 OWD WST,1,0.9,2,,,,,,,0.5,,0.9,,,,,,
2005-04-21,PA28-236,N1777A,WST 6B6,1,0.9,,3,,,,0.3,,0.9,,0.9,,,,,,
2005-05-29,PA28-236,N1777A,6B6 6B6,1,0.6,1,,,,,,,,,0.6,,,,,,
2005-06-18,PA28-236,N1777A,6B6 ASH 6B6,1,0.8,4,,,,,,,,,0.8,,,,,,32
2005-06-21,PA28-236,N1777A,6B6 OWD OWD 6B6,1,2.3,3,,,1.3,6,,,,,2.3,,,,,,
2005-06-24,PA28-236,N1777A,6B6 PVC 6B6,1,1.5,1,1,,,,0.8,,1.5,,1.5,,,,,,
2005-06-26,PA28-236,N1777A,6B6 6B6,1,0.2,1,,,,,,,,,0.2,,,,,,45
2005-07-04,PA28-236,N1777A,6B6 AFN 6B6,1,1.2,2,,,,,,,,,1.2,,,,,,
2005-08-07,PA28-236,N1777A,6B6 FIT 6B6,1,0.5,2,,,,,,,,,0.5,,,,,,
2005-10-02,PA28-236,N1777A,6B6 FIT GDM 3B3 6B6,1,1,4,,,,,,,,,1,,,,,,30
2005-10-02,PA28-236,N1777A,6B6 6B6,1,0.4,,3,,,,0.4,,,,0.4,,,,,,
2005-11-05,PA28-236,N1777A,6B6 ASH FIT 6B6,1,0.8,3,,,,,,,,,0.8,,,,,,
2005-12-24,PA28-236,N1777A,6B6 LCI 6B6,1,1.7,2,,,,,,,1.7,,1.7,,,,,,
2006-01-02,PA28-236,N1777A,6B6 BED 6B6,1,0.6,3,,,,,,,,,0.6,,,,,$3.69,39
2006-02-04,PA28-236,N1777A,6B6 GDM 6B6,1,1.1,3,,,,,,,,,1.1,,,,,,
2006-04-09,PA28-236,N1777A,6B6 7B2 0B5 6B6,1,1.4,3,,,,,,,,,1.4,,,,,,
2006-04-09,PA28-236,N1777A,6B6 ORH 6B6,1,0.7,,3,,,,0.7,,,,0.7,,,,,$3.74,34
2006-04-16,PA28-236,N1777A,6B6 OWD,1,0.3,1,,,,,,,,,0.3,,,,,,
2006-04-16,PA28-236,N1777A,OWD OWD,1,1.6,1,,,1.4,6,,,,,1.6,,,,,$3.74,
2006-04-16,PA28-236,N1777A,OWD 6B6,1,0.4,1,,,,,,,,,0.4,,,,,$3.74,28
2006-04-19,PA28-236,N1777A,6B6 2G9,1,2.6,1,,0.2,,,,,2.6,,2.6,,,,,$3.45,38
2006-04-19,PA28-236,N1777A,2G9 LBE,1,0.3,1,,,,,,,,,0.3,,,,,,
2006-04-19,PA28-236,N1777A,LBE INT,1,2.2,1,,0.5,,1,,,2.2,,2.2,,,,,$3.75,31
2006-04-19,PA28-236,N1777A,INT CUB,1,1.5,1,,0.2,,,,,1.5,,1.5,,,,,$4.59,10
2006-04-22,PA28-236,N1777A,CUB SFQ,1,2.1,1,,0.5,,,,,2.1,,2.1,,,,,$3.63,34
2006-04-22,PA28-236,N1777A,SFQ 6B6,1,3,1,,2,,,,,3,,3,,,,,$3.74,39
2006-04-29,PA28-236,N1777A,6B6 OWD,1,0.4,2,,,,,,,,,0.4,,,,,,
2006-04-29,PA28-236,N1777A,OWD WST,1,0.5,1,,,,,,,0.5,,0.5,,,,,,
2006-06-11,PA28-236,N1777A,WST 6B6,1,0.8,1,,,,,,,0.8,,0.8,,,,,$3.99,21
2006-07-08,PA28-236,N1777A,6B6 6B6,1,0.6,1,,,,,,,,,0.6,,,,,,
2006-07-08,PA28-236,N1777A,6B6 3B3 6B6,1,0.7,3,,,,,,,,,0.7,,,,,,
2006-07-17,PA28-236,N1777A,6B6 FIT 6B6,1,0.9,3,,,,,,,,,0.9,,0.9,,,,
2006-08-08,PA28-236,N1777A,6B6 FIT 6B6,1,0.7,1,3,,,,0.4,,,,0.7,,,,,,
2006-08-12,PA28-236,N1777A,6B6 6B6,1,0.3,1,,,,,,,,,0.3,,,,,,
2006-08-13,PA28-236,N1777A,6B6 6B6,1,0.3,7,,,,,,,,,0.3,,,,,,
2006-08-14,PA28-236,N1777A,6B6 6B6,1,0.1,1,,,,,,,,,0.1,,,,,,
2006-09-01,PA28-236,N1777A,6B6 MVY,1,0.8,1,,,,,,,0.8,,0.8,,,,,$4.59,15
2006-09-01,PA28-236,N1777A,MVY 6B6,1,0.8,1,,,,,,,0.8,,0.8,,,,,,
2006-09-09,PA28-236,N1777A,6B6 GHG,1,0.5,1,,,,,,,,,0.5,,,,,$4.20,42
2006-09-09,PA28-236,N1777A,GHG 6B6,1,0.6,1,,,,,,,,,0.6,,,,,,
2006-09-15,PA28-236,N1777A,6B6 SFQ,1,3.7,1,,2,,,,,3.7,,3.7,,,,,$3.43,53
2006-09-15,PA28-236,N1777A,SFQ CUB,1,2.2,1,,,,,,,2.2,,2.2,,,,,$3.98,7
2006-09-19,PA28-236,N1777A,CUB SFQ,1,2.1,1,,0.5,,,,,2.1,,2.1,,,,,$3.43,44
2006-09-19,PA28-236,N1777A,SFQ 6B6,1,3,1,,1,,,,,3,,3,,,,,,
2006-09-19,PA28-236,N1777A,6B6 6B6,1,0.3,1,,,,,,,,,0.3,,,,,,
2006-09-21,PA28-236,N1777A,6B6 OWD,1,0.3,1,,,,,,,0.3,,0.3,,,,,,
2006-09-21,PA28-236,N1777A,OWD WST,1,0.6,1,,,,,,,0.6,,0.6,,,,,$3.75,50
2006-09-21,PA28-236,N1777A,WST OWD,1,0.7,,1,,,,0.1,,0.7,,0.7,,,,,,
2006-09-25,PA28-236,N1777A,OWD 6B6,1,0.3,,1,,,,0.3,,,,0.3,,,,,,
2006-10-06,PA28-236,N1777A,6B6 OWD 6B6,1,0.7,2,,,,,,,,,0.7,,,,,,
2006-10-27,PA28-236,N1777A,6B6 OWD 6B6,1,1,3,,,,,,,,,1,,,,,,
2006-11-03,PA28-236,N1777A,6B6 OWD,1,0.3,1,,,,,,,,,0.3,,,,,,
2006-11-10,PA28-236,N1777A,6B6 OWD BED 6B6,1,0.8,,3,,,,0.8,,,,0.8,,,,,$3.79,50
2006-11-11,PA28-236,N1777A,6B6 CDW,1,1.7,1,,,,,,,1.7,,1.7,,,,,,
2006-11-11,PA28-236,N1777A,CDW 6B6,1,1.2,1,,,,,,,1.2,,1.2,,,,,,
2006-11-24,PA28-236,N1777A,6B6 LWM 6B6,1,0.7,2,,,,,,,,,0.7,,,,,$3.79,44
2006-12-17,PA28-236,N1777A,6B6 GDM FIT 6B6,1,0.8,4,,,,,,,,,0.8,,,,,,
2007-02-21,PA28-236,N1777A,6B6 EEN 6B6,1,1.1,3,,,,,,,,,1.1,,,,,,
2007-02-21,PA28-236,N1777A,6B6 FIT 6B6,1,0.6,,3,,,,0.6,,,,0.6,,,,,,
2007-02-25,PA28-236,N1777A,6B6 6B6,1,0.8,1,,,,,,,,,0.8,,,,,$3.69,35
2007-03-10,PA28-236,N1777A,6B6 FIT 6B6,1,0.7,2,,,,,,,,,0.7,,,,,,
2007-03-24,PA28-236,N1777A,6B6 ORE 6B6,1,0.8,2,,,,,,,,,0.8,,,,,,
2007-04-21,PA28-236,N1777A,6B6 LCI 6B6,1,1.7,2,,,,,,,1.7,,1.7,,,,,$3.69,34
2007-05-06,PA28-236,N1777A,6B6 BED 6B6,1,2.5,3,,,1.5,6,,,,,2.5,,,,,,
2007-05-09,PA28-236,N1777A,6B6 ORH 6B6,1,0.8,,4,,,,0.8,,,,0.8,,,,,$3.99,25
2007-05-27,PA28-236,N1777A,6B6 BID WST 0B8 6B6,1,2.1,4,,,,,,,2.1,,2.1,,,,,$3.99,32
2007-05-28,PA28-236,N1777A,6B6 6B6,1,0.3,1,,,,,,,,,0.3,,,,,,
2007-05-29,PA28-236,N1777A,6B6 ORH 6B6,1,0.7,2,,,,,,,,,0.7,,,,,,
2007-06-07,PA28-236,N1777A,6B6 WST,1,0.7,1,,,,,,,0.7,,0.7,,,,,,
2007-06-14,PA28-236,N1777A,WST 6B6,1,1,,1,0.2,,,1,,1,,1,,,,,$3.99,28
2007-07-13,PA28-236,N1777A,ORH 3B0 ORH 6B6,1,1.9,3,,,,,,,,,1.9,,,,,$4.09,23
2007-07-13,PA28-236,N1777A,6B6 ORH 6B6,1,0.7,2,,,,,,,,,0.7,,,,,,
2007-07-14,PA28-236,N1777A,6B6 EEN 6B6,1,1,2,,,,,,,,,1,,,,,,
2007-07-14,PA28-236,N1777A,6B6 PVC 6B6,1,1.5,1,1,,,,0.2,,1.5,,1.5,,,,,,
2007-07-15,PA28-236,N1777A,6B6 FIT ORH 6B6,1,0.9,3,,,,,,,,,0.9,,,,,$4.09,43
2007-07-21,PA28-236,N1777A,6B6 6B6,1,1,1,,,,,,,,,1,,,,,,
2007-07-21,PA28-236,N1777A,6B6 MVY 6B6,1,1.7,2,,,,,,,1.7,,1.7,,,,,,
2007-07-22,PA28-236,N1777A,6B6 FIT 6B6,1,0.6,1,,,,,,,,,0.6,,,,,,
2007-07-29,PA28-236,N1777A,6B6 6B6,1,1.1,1,,,,,,,,,1.1,,,,,$4.09,49
2007-07-31,PA28-236,N1777A,6B6 BED BED 6B6,1,1.6,2,1,,1,3,0.2,,,,1.6,,,,,,
2007-08-11,PA28-236,N1777A,6B6 ORH FIT 6B6,1,1.1,,2,,,,0.3,,,,1.1,,,,,,
2007-08-11,PA28-236,N1777A,6B6 FIT 6B6,1,0.6,,2,,,,0.6,,,,0.6,,,,,$4.29,32
2007-08-12,PA28-236,N1777A,6B6 6B6,1,1.4,1,,,1.4,3,,,,,1.4,,,,,,
2007-08-12,PA28-236,N1777A,6B6 6B6,1,0.2,1,,,,,,,,,0.2,,,,,$4.29,20
2007-08-16,PA28-236,N1777A,6B6 ORH,1,0.3,1,,,,,,,,,0.3,,,,,,
2007-08-16,PA28-236,N1777A,ORH SFQ,1,3.8,1,,1,,,,,3.8,,3.8,,,,,$3.93,49
2007-08-16,PA28-236,N1777A,SFQ CAE,1,2.4,1,,,,,,,2.4,,2.4,,,,,$4.27,32
2007-08-19,PA28-236,N1777A,CAE FRR,1,2.7,1,,1.5,,,,,2.7,,2.7,,,,,,
2007-08-19,PA28-236,N1777A,FRR FRR,1,0.5,1,,,,,,,,,0.5,,,,,$4.15,38
2007-08-19,PA28-236,N1777A,FRR 6B6,1,3,1,,1.5,,,,,3,,3,,,,,$4.29,39
2007-09-03,PA28-236,N1777A,6B6 AFN 6B6,1,0.9,2,,,,,,,,,0.9,,,,,,
2007-09-06,PA28-236,N1777A,6B6 HFD 6B6,1,1.6,2,,,,,,,1.6,,1.6,,,,,,
2007-09-06,PA28-236,N1777A,6B6 6B6,1,0.5,1,,,,,,,,,0.5,,,,,$3.99,30
2007-09-14,PA28-236,N1777A,6B6 SFZ 6B6,1,0.8,3,,,,,,,,,0.8,,,,,,
2007-09-20,PA28-236,N1777A,6B6 HFD 6B6,1,1.5,2,,,,,,,1.5,,1.5,,,,,$3.99,25
2007-09-30,PA28-236,N1777A,6B6 FIT ORH,1,0.6,2,,,,,,,,,0.6,,,,,,
2007-10-15,PA28-236,N1777A,ORH BED 6B6,1,0.8,,2,,,,0.8,,,,0.8,,,,,,
2007-11-25,PA28-236,N1777A,6B6 ASH 6B6,1,0.7,2,,,,,,,,,0.7,,,,,,
2007-11-25,PA28-236,N1777A,6B6 ASH 6B6,1,0.7,2,,,,,,,,,0.7,,,,,$3.99,26
2008-03-30,PA28-236,N1777A,6B6 FIT 6B6,1,0.7,3,,,,,,,,,0.7,,,,,,
2008-03-30,PA28-236,N1777A,6B6 GDM EEN 6B6,1,1.2,3,,,,,,,,,1.2,,,,,,
2008-03-30,PA28-236,N1777A,6B6 6B6,1,0.3,,3,,,,0.3,,,,0.3,,,,,,
2008-04-21,PA28-236,N1777A,6B6 IJD 6B6,1,1.3,2,,,,,,,,,1.3,,,,,$3.99,12
2008-04-26,PA28-236,N1777A,6B6 6B6,1,1.9,1,,,1.8,6,,,,,1.9,,,,,$3.99,24
2008-04-26,PA28-236,N1777A,6B6 3B0 ORH 6B6,1,1.2,4,,,,,,,,,1.2,,,,,$3.99,12
2008-05-23,PA28-236,N1777A,6B6 SFQ,1,3.9,1,,,,,,,3.9,,3.9,,,,,$4.51,49
2008-05-23,PA28-236,N1777A,SFQ CAE,1,2.6,1,,,,,,,2.6,,2.6,,,,,$5.25,18
2008-05-26,PA28-236,N1777A,CAE SFQ,1,2.3,1,,,,,,,2.3,,2.3,,,,,$4.51,42
2008-05-26,PA28-236,N1777A,SFQ 6B6,1,3,1,,,,,,,3,,3,,,,,$4.49,36
2008-06-08,PA28-236,N1777A,6B6 WST,1,0.7,1,,,,,,,0.7,,0.7,,,,,,
2008-06-21,PA28-236,N1777A,WST 6B6,1,0.7,1,,,,,,,0.7,,0.7,,,,,$4.99,17
2008-06-21,PA28-236,N1777A,WST 6B6,1,0.2,1,,,,,,,,,0.2,,,,,,
2008-06-28,PA28-236,N1777A,6B6 SFQ,1,4.1,1,,0.2,,,,,4.1,,4.1,,,,,$4.74,49
2008-06-28,PA28-236,N1777A,SFQ CRE,1,2,1,,,,,,,2,,2,,,,,,
2008-06-28,PA28-236,N1777A,CRE 60J,1,0.3,1,,,,,,,,,0.3,,,,,$5.29,25
2008-07-05,PA28-236,N1777A,60J CRE,1,0.3,1,,,,,,,,,0.3,,,,,,
2008-07-05,PA28-236,N1777A,CRE CAE,1,1.3,1,,,,,,,1.3,,1.3,,,,,$5.65,6
2008-07-08,PA28-236,N1777A,CAE SFQ,1,2.2,1,,,,,,,2.2,,2.2,,,,,$4.82,39
2008-07-08,PA28-236,N1777A,SFQ 6B6,1,3.1,1,,,,,,,3.1,,3.1,,,,,,
2008-07-09,PA28-236,N1777A,6B6 PYM 6B6,1,1.2,1,,,,,,,,,1.2,,,,,$5.19,50
2008-07-12,PA28-236,N1777A,6B6 BHB,1,1.5,1,,0.3,,,,,1.5,,1.5,,,,,,
2008-07-13,PA28-236,N1777A,BHB 6B6,1,2.1,1,,,,,,,2.1,,2.1,,,,,,
2008-08-04,PA28-236,N1777A,6B6 ORH,1,0.4,1,,,,,,,,,0.4,,,,,,
2008-08-05,PA28-236,N1777A,ORH 6B6,1,0.4,1,,,,,,,,,0.4,,,,,$5.25,51
2008-08-12,PA28-236,N1777A,6B6 LCI 6B6,1,1.9,2,,,0.4,2,,,1.9,,1.9,,1.9,,,,
2008-08-16,PA28-236,N1777A,6B6 FIT 6B6,1,0.5,2,,,,,,,,,0.5,,,,,$5.25,25
2008-09-13,PA28-236,N1777A,6B6 PYM 6B6,1,1.1,1,1,,,,0.5,,,,1.1,,,,,,
2008-10-05,PA28-236,N1777A,6B6 ASH FIT 6B6,1,0.8,5,,,,,,,,,0.8,,,,,,
2008-10-18,PA28-236,N1777A,6B6 EEN 6B6,1,1,3,,,,,,,,,1,,,,,,
2008-10-19,PA28-236,N1777A,6B6 FIT,1,0.3,1,,,,,,,,,0.3,,,,,,
2008-10-19,PA28-236,N1777A,FIT EEN 6B6,1,0.9,2,,,,,,,,,0.9,,,,,$4.89,46
2008-11-10,PA28-236,N1777A,6B6 EEN 6B6,1,1.1,2,,,,,,,,,1.1,,,,,,
2008-11-27,PA28-236,N1777A,6B6 PYM 6B6,1,1.1,2,,,,,,,,,1.1,,,,,,
2009-03-08,PA28-236,N1777A,6B6 PYM 6B6,1,1.1,2,,,,,,,,,1.1,,,,,$3.39,37
2009-03-16,PA28-236,N1777A,6B6 ORH 6B6,1,0.7,,3,,,,0.7,,,,0.7,,,,,,
2009-03-17,PA28-236,N1777A,6B6 ORH FIT 6B6,1,0.7,,3,,,,0.5,,,,0.7,,,,,,
2009-03-21,PA28-236,N1777A,6B6 6B6,1,1.9,1,,,1.8,6,,,,,1.9,,,,,$3.39,38
2009-03-22,PA28-236,N1777A,6B6 PYM  6B6,1,1.2,2,,,,,,,,,1.2,,,,,$3.39,12
2009-04-18,PA28-236,N1777A,6B6 6B6,1,0.1,1,,,,,,,,,0.1,,,,,,
2009-04-25,PA28-236,N1777A,6B6 6B6,1,0.5,2,,,,,,,,,0.5,,,,,,
2009-04-26,PA28-236,N1777A,6B6 ORH FIT 6B6,1,0.9,3,,,,,,,,,0.9,,,,,,
2009-05-22,PA28-236,N1777A,6B6 SFQ,1,3.6,1,,,,,,,3.6,,3.6,,,,,$3.28,46
2009-05-22,PA28-236,N1777A,SFQ CAE,1,2.4,1,,,,,,,2.4,,2.4,,,,,$4.11,8
2009-05-25,PA28-236,N1777A,CAE SFQ,1,2.4,1,,0.3,,,,,2.4,,2.4,,,,,$3.28,50
2009-05-25,PA28-236,N1777A,SFQ 6B6,1,3.3,1,,1.5,,,,,3.3,,3.3,,,,,$3.29,41
2009-06-20,PA28-236,N1777A,6B6 6B6,1,0.7,1,,,,,,,,,0.7,,,,,,
2009-06-20,PA28-236,N1777A,6B6 ORH,1,0.4,1,,,,,,,,,0.4,,,,,,
2009-06-23,PA28-236,N1777A,ORH 6B6,1,0.7,3,,0.1,,,,,,,0.7,,,,,,
2009-06-25,PA28-236,N1777A,6B6 SFZ 6B6,1,0.8,2,,,,,,,,,0.8,,,,,,
2009-06-26,PA28-236,N1777A,6B6  6B6,1,0.2,1,,,,,,,,,0.2,,,,,$3.79,33
2009-06-27,PA28-236,N1777A,6B6  SFQ,1,3.6,1,,,,,,,3.6,,3.6,,,,,$3.28,45
2009-06-27,PA28-236,N1777A,SFQ CRE,1,1.7,1,,,0.3,,,,1.7,,1.7,,,,,,
2009-06-27,PA28-236,N1777A,SFQ 60J,1,0.5,1,,,,,,,,,0.5,,,,,,
2009-06-28,PA28-236,N1777A,60J 60J,1,0.8,1,,,,,,,,,0.8,,,,,$3.99,33
2009-07-04,PA28-236,N1777A,60J CRE,1,0.2,1,,,,,,,,,0.2,,,,,,
2009-07-04,PA28-236,N1777A,CRE CAE,1,1.3,1,,,,,,,1.3,,1.3,,,,,,
2009-07-07,PA28-236,N1777A,CAE SFQ,1,2.6,1,,0.2,,,,,2.6,,2.6,,,,,$3.28,49
2009-07-07,PA28-236,N1777A,SFQ HFD,1,2.8,1,,1,,1,,,2.8,,2.8,,,,,,
2009-07-07,PA28-236,N1777A,HFD 6B6,1,0.7,1,,,,,,,0.7,,0.7,,,,,,
2009-07-12,PA28-236,N1777A,6B6 ORH 6B6,1,0.6,2,,,,,,,,,0.6,,,,,$3.79,51
2009-07-14,PA28-236,N1777A,6B6 EEN 6B6,1,1.1,,3,,,,0.8,,,,1.1,,,,,,
2009-07-26,PA28-236,N1777A,6B6 PWM,1,0.8,1,,0.8,,1,,,0.8,,0.8,,,,,,
2009-07-26,PA28-236,N1777A,PWM 6B6,1,1.2,1,,1,,1,,,1.2,,1.2,,,,,$3.79,36
2009-07-26,PA28-236,N1777A,6B6 PWM,1,0.8,1,,0.8,,1,,,0.8,,0.8,,,,,,
2009-07-26,PA28-236,N1777A,PWM 6B6,1,1.1,1,,0.5,,1,,,1.1,,1.1,,,,,$3.79,23
2009-08-23,PA28-236,N1777A,6B6 ORH FIT 6B6,1,0.8,3,,,,,,,,,0.8,,,,,$3.79,8
2009-09-05,PA28-236,N1777A,6B6 MVY,1,0.8,1,,,,,,,0.8,,0.8,,,,,,
2009-09-05,PA28-236,N1777A,MVY 6B6,1,0.9,1,,,,,,,0.9,,0.9,,,,,,
2009-09-07,PA28-236,N1777A,6B6 PYM,1,0.5,1,,,,,,,,,0.5,,,,,,
2009-09-08,PA28-236,N1777A,PYM 6B6,1,0.6,1,,,,,,,,,0.6,,,,,$3.79,33
2009-10-09,PA28-236,N1777A,6B6 SFQ,1,4.5,1,,2.3,,,,,4.5,,4.5,,,,,$3.28,56
2009-10-09,PA28-236,N1777A,SFQ CAE,1,3.1,1,,2.2,,,,,3.1,,3.1,,,,,$4.75,10
2009-10-12,PA28-236,N1777A,CAE SFQ,1,2.4,1,,0.6,,,,,,,2.4,,,,,$3.28,54
2009-10-12,PA28-236,N1777A,SFQ 6B6,1,3.2,1,,0.5,,,,,,,3.2,,,,,$3.79,38
2009-11-15,PA28-236,N1777A,6B6 EEN 6B6,1,1.2,3,,,,,,,,,1.2,,,,,,
2009-11-16,PA28-236,N1777A,6B6 ORH FIT 6B6,1,1.1,,3,,,,1.1,,,,1.1,,,,,,
2009-11-21,PA28-236,N1777A,6B6 FIT EEN 6B6,1,1.2,3,,,,,,,,,1.2,,,,,$3.79,42
2009-11-22,PA28-236,N1777A,6B6 6B6,1,0.8,1,,,,,,,,,0.8,,,,,,
2009-11-29,PA28-236,N1777A,6B6 ORH SFZ 6B6,1,0.9,3,,,,,,,,,0.9,,,,,,
2010-03-02,PA28-236,N1777A,6B6 EEN 6B6,1,1.1,4,,,,,,,,,1.1,,,,,$3.99,31
2010-03-12,PA28-236,N1777A,6B6 FIT 6B6 ORH 6B6,1,1.3,5,,,,,,,,,1.3,,,,,,
2010-03-13,PA28-236,N1777A,6B6 ASH FIT 6B6,1,0.9,3,,,,,,,,,0.9,,,,,$3.99,21
2010-03-17,PA28-236,N1777A,6B6 3B0 FIT 6B6,1,1,3,,,,,,,,,1,,,,,,
2010-03-25,PA28-236,N1777A,6B6 SFQ,1,4.6,1,,,,,,,4.6,,4.6,,,,,$3.56,50
2010-03-25,PA28-236,N1777A,SFQ CAE,1,2.9,1,,,,,,,2.9,,2.9,,,,,$5.08,11
2010-03-28,PA28-236,N1777A,CAE SFQ,1,2.2,1,,0.5,,,,,2.2,,2.2,,,,,$3.56,46
2010-03-28,PA28-236,N1777A,SFQ 6B6,1,3,1,,1.5,,,,,3,,3,,,,,$3.99,36
2010-04-12,PA28-236,N1777A,6B6 OWD BED 6B6,1,2.1,2,1,,1.6,6,0.3,,,,2.1,,,,,,
2010-04-15,PA28-236,N1777A,6B6 SFQ,1,3.6,3,,,,,,,3.6,,3.6,,,,,$3.63,39
2010-04-15,PA28-236,N1777A,SFQ 6B6,1,2.2,1,,,,,,,2.2,,2.2,,,,,$5.08,5
2010-04-24,PA28-236,N1777A,CAE SFQ,1,2.3,1,,,,,,,2.3,,2.3,,,,,$3.74,42
2010-04-25,PA28-236,N1777A,SFQ 6B6,1,3.7,1,,0.3,,,,,3.7,,3.7,,,,,$4.09,40
2010-05-17,PA28-236,N1777A,6B6 FIT 6B6,1,0.5,3,,,,,,,,,0.5,,,,,,
2010-05-18,PA28-236,N1777A,6B6 ASH FIT 6B6,1,0.7,3,,,,,,,,,0.7,,,,,$4.09,14
2010-05-27,PA28-236,N1777A,6B6-SFQ,1,3.5,1,,1,,,,,3.5,,3.5,,,,,$3.78,36
2010-05-27,PA28-236,N1777A,SFQ-CAE,1,2.2,1,,0.2,,,,,2.2,,2.2,,,,,$5.08,5
2010-06-05,PA28-236,N1777A,CAE-SFQ,1,2.2,1,,0.1,,,,,2.2,,2.2,,,,,$3.78,45
2010-06-05,PA28-236,N1777A,SFQ-6B6,1,3.3,1,,0.3,,,,,3.3,,3.3,,,,,,
2010-06-07,PA28-236,N1777A,6B6-6B6,1,0.2,1,,,,,,,,,0.2,,,,,$4.09,38
2010-06-15,PA28-236,N1777A,6B6-ORH-6B6,1,0.7,2,,,,,,,,,0.7,,,,,,
2010-07-03,PA28-236,N1777A,6B6-BHB,1,1.7,1,,,,,,,1.7,,1.7,,,,,,
2010-07-04,PA28-236,N1777A,BHB-6B6,1,1.6,,1,,,,1.2,,,,1.6,,,,,,
2010-07-06,PA28-236,N1777A,6B6-FIT-6B6,1,0.5,2,,,,,,,,,0.5,,,,,$4.09,48
2010-07-12,PA28-236,N1777A,6B6-SFQ,1,3.9,1,,0.5,,,,,3.9,,3.9,,,,,$3.78,44
2010-07-12,PA28-236,N1777A,SFQ-CAE,1,2.7,1,,0.5,,,,,2.7,,2.7,,,,,$5.08,5
2010-07-18,PA28-236,N1777A,CAE-SFQ,1,2.1,1,,,,,,,2.1,,2.1,,,,,$3.78,47
2010-07-18,PA28-236,N1777A,SFQ-6B6,1,3.3,1,,0.4,,,,,3.3,,3.3,,,,,$4.09,35
2010-08-17,PA28-236,N1777A,6B6-FIT-6B6,1,0.6,3,,,,,,,,,0.6,,,,,,
2010-08-18,PA28-236,N1777A,6B6-EEN-6B6,1,1.5,2,,,,3,,,,,1.5,,1.5,,,$4.09,26
2010-08-18,PA28-236,N1777A,6B6-BHB-6B6,1,3.4,2,,,,,,,3.4,,3.4,,,,,$4.09,36
2010-08-22,PA28-236,N1777A,6B6-SFQ,1,4.5,1,,3.5,,1,,,4.5,,4.5,,,,,$3.78,49
2010-08-22,PA28-236,N1777A,SFQ-CUB,1,2.6,1,,,,,,,2.6,,2.6,,,,,$5.15,10
2010-09-02,PA28-236,N1777A,CUB-SFQ,1,2.5,1,,,,1,,,2.5,,2.5,,,,,$3.78,50
2010-09-02,PA28-236,N1777A,SFQ-6B6,1,3.3,1,,,,,,,3.3,,3.3,,,,,$4.09,37
2010-09-06,PA28-236,N1777A,6B6-PYM-6B6,1,1.2,2,,,,,,,,,1.2,,,,,,
2010-09-23,PA28-236,N1777A,6B6-6B6,1,0.7,2,,,,,,,,,0.7,,,,,,
2010-10-14,PA28-236,N1777A,6B6-6B6,1,0.7,2,,,,,,,,,0.7,,,,,,
2010-10-20,PA28-236,N1777A,6B6-EEN-6B6,1,1.1,2,,,,,,,,,1.1,,,,,,
2010-10-24,PA28-236,N1777A,6B6-FIT-6B6,1,0.7,2,,,,,,,,,0.7,,,,,$3.99,45
2010-11-29,PA28-236,N1777A,6B6-WST-6B6,1,1.4,2,,,,,,,1.4,,1.4,,,,,,
2011-03-09,PA28-236,N1777A,6B6-ORH-FIT-6B6,1,1.2,4,,,,,,,,,1.2,,,,,$4.69,29
2011-03-17,PA28-236,N1777A,6B6-EEN-0B5-7B2-6B6,1,1.8,4,,,,,,,,,1.8,,,,,$4.69,17
2011-03-31,PA28-236,N1777A,6B6-LWM-6B6,1,0.9,3,,,,,,,,,0.9,,,,,,
2011-04-08,PA28-236,N1777A,6B6-SFZ-6B6,1,0.8,3,,,,,,,,,0.8,,,,,$5.39,19
2011-05-02,PA28-236,N1777A,6B6-ORH-FIT-6B6,1,0.7,3,,,,,,,,,0.7,,,,,,
2011-05-08,PA28-236,N1777A,6B6-PYM-6B6,1,1.5,2,,0.7,,1,,,,,1.5,,,,,,
2011-05-25,PA28-236,N1777A,6B6-ORE-6B6,1,1,3,,,,,,,,,1,,,,,$5.39,35
2011-05-29,PA28-236,N1777A,6B6-6B6,1,1.6,1,,,1.4,6,,,,,1.6,,,,,,
2011-05-31,PA28-236,N1777A,6B6-EEN-6B6,1,1,3,,,,,,,,,1,,,,,$5.39,30
2011-06-06,PA28-236,N1777A,6B6-6B6,1,0.4,,3,,,,0.4,,,,0.4,,,,,,
2011-06-07,PA28-236,N1777A,6B6-FIT-6B6,1,0.5,2,,,,,,,,,0.5,,,,,,
2011-06-30,PA28-236,N1777A,6B6-CON-LCI-6B6,1,1.7,3,,,,,,,1.7,,1.7,,,,,,
2011-08-02,PA28-236,N1777A,6B6-,1,0.2,,,,,,,,,,0.2,,,,,,
2011-09-03,PA28-236,N1777A,6B6-SFZ-6B6,1,0.9,2,,,,,,,,,0.9,,,,,,
2011-09-18,PA28-236,N1777A,6B6-PYM-6B6,1,1.2,2,,,,,,,,,1.2,,,,,$5.09,56
2011-09-21,PA28-236,N1777A,6B6-FIT-ASH-LWM-BVY-BED-6B6,1,1.2,6,,,,,,,,,1.2,,,,,,
2011-09-27,PA28-236,N1777A,6B6-VSF-6B6,1,1.6,2,,,,,,,1.6,,1.6,,,,,$5.09,27
2011-10-18,PA28-236,N1777A,6B6-FIT-ASH-LWM-BVY-BED-6B6,1,1.2,6,,,,,,,,1.2,1.2,,,,,,
2011-10-24,PA28-236,N1777A,6B6-PSF-AQW-6B6,1,1.9,3,,,,,,,1.9,1.9,1.9,,,,,,
2011-11-06,PA28-236,N1777A,6B6-PYM,1,0.5,1,,,,,,,,,0.5,,,,,,
2011-11-06,PA28-236,N1777A,PYM-6B6,1,0.7,1,,,,,,,,,0.7,,,,,$4.89,48
2011-11-07,PA28-236,N1777A,6B6-EEN-ASH-6B6,1,1.4,2,3,,,,0.4,,,,1.4,,,,,,
2011-11-09,PA28-236,N1777A,6B6-HFD-6B6,1,1.4,2,,,,,,,1.4,1.4,1.4,,,,,$4.89,28
2011-11-13,PA28-236,N1777A,6B6-6B6,1,1.6,1,,,1.5,6,,,,,1.6,,,,,,
2011-12-02,PA28-236,N1777A,6B6-EEN-6B6,1,1.5,3,,,,,,,,,1.5,,,,,$4.89,35
2011-12-30,PA28-236,N1777A,6B6-ORE-6B6,1,1.2,2,,,,,,,,,1.2,,,,,,
2012-01-01,PA28-236,N1777A,6B6-EEN-6B6,1,1.5,2,,,,,,,,,1.5,,,,,$4.69,31
2012-01-28,PA28-236,N1777A,6B6-EEN-6B6,1,1.5,2,,,,,,,,,1.5,,,,,$4.69,19
2012-02-14,PA28-236,N1777A,6B6-6B6,1,0.3,,,,,,,,,,0.3,,,,,,
2012-03-07,PA28-236,N1777A,6B6-FIT-6B6,1,0.7,2,,,,,,,,,0.7,,,,,,
2012-03-12,PA28-236,N1777A,6B6-6B6,1,0.3,1,,,,,,,,,0.3,,,,,,
2012-03-13,PA28-236,N1777A,6B6-EEN-6B6,1,1.1,2,,,,,,,,,1.1,,,,,,
2012-03-22,PA28-236,N1777A,6B6-LCI-6B6,1,1.5,2,,,,,,,1.5,,1.5,,,,,$4.99,41
2012-04-19,PA28-236,N1777A,6B6-CON-8B1-EEN-6B6,1,1.6,4,,,,,,,1.6,,1.6,,,,,,
2012-05-12,PA28-236,N1777A,6B6-FIT-6B6,1,0.6,,3,,,,0.4,,,,0.6,,,,,,
2012-05-13,PA28-236,N1777A,6B6-6B6,1,0.2,1,,,,,,,,,0.2,,,,,,
2012-05-14,PA28-236,N1777A,6B6-6B6,1,0.5,3,,,,,,,,,0.5,,,,,,
2012-05-15,PA28-236,N1777A,6B6-6B6,1,0.3,1,,,,,,,,,0.3,,,,,,
2012-06-01,PA28-236,N1777A,6B6-FIT-6B6,1,0.6,3,,,,,,,,,0.6,,,,,,
2012-06-10,PA28-236,N1777A,6B6-EEN-6B6,1,1.2,2,,,,,,,,,1.2,,,,,$5.19,50
2012-06-24,PA28-236,N1777A,6B6-PYM-6B6,1,1.3,2,,,,,,,,,1.3,,,,,$5.19,10
2012-07-25,PA28-236,N1777A,6B6-OWD,1,0.3,1,,,,,,,,,0.3,,,,,,
2012-07-25,PA28-236,N1777A,OWD-OWD,1,1.7,1,,,1.2,5,,,,,1.7,,,,,,
2012-07-25,PA28-236,N1777A,OWD-6B6,1,0.3,,1,,,,0.3,,,,0.3,,,,,,
2012-07-26,PA28-236,N1777A,6B6-FIT-6B6,1,0.9,3,,,,,,,,,0.9,,,,,$5.19,40
2012-08-30,PA28-236,N1777A,6B6-FIT-6B6,1,0.8,2,,,,,,,,,0.8,,,,,,
2012-08-31,PA28-236,N1777A,6B6-6B6,1,1.9,3,,,0.3,1,,,,,1,,1,,,,
2012-08-31,PA28-236,N1777A,6B6-FIT-6B6,1,0.7,,3,,,,0.5,,,,0.7,,,,,,
2012-09-26,PA28-236,N1777A,6B6-6B6,1,0.2,1,,,,,,,,,0.2,,,,,,
2012-09-27,PA28-236,N1777A,6B6-WST,1,0.9,1,,,,,,,0.9,,0.9,,,,,$5.49,18
2012-10-17,PA28-236,N1777A,WST-6B6,1,0.8,1,,,,,,,0.8,,0.8,,,,,$5.69,45
2012-10-18,PA28-236,N1777A,6B6-WST-6B6,1,1.3,2,,,,,,,1.3,,1.3,,,,,,
2012-10-23,PA28-236,N1777A,6B6-WST-6B6,1,1.5,2,,,,,,,1.5,,1.5,,,,,$5.69,12
2013-04-26,PA28-236,N1777A,6B6-EEN-6B6,1,1.3,4,,,,,,,,,1.3,,,,,$5.39,113
2013-06-23,PA28-236,N1777A,6B6-PYM-6B6,1,1.2,2,,,,,,,,,1.2,,,,,,
2013-09-17,PA28-236,N1777A,6B6-EEN-6B6,1,1.1,3,,,,,,,,,1.1,,,,,$5.55,25
2013-10-21,PA28-236,N1777A,6B6-1B9-6B6,1,1,2,,,,,,,,,1,,,,,,
2013-10-29,PA28-236,N1777A,6B6-1B9,1,0.5,1,,,,,,,,,0.5,,,,,,
2013-12-04,PA28-236,N1777A,1B9-6B6,1,0.8,1,,,,,,,,,0.8,,,,,$4.99,
2014-05-29,PA28-236,N1777A,6B6-EEN-FIT-6B6,3,1.1,3,,,,,,,,,1.1,,,,,,
2014-06-27,PA28-236,N1777A,6B6-GDM-ORE-6B6,3,1,3,,,,,,,,,1,,,,,,
2014-07-22,PA28-236,N1777A,6B6-EEN-ASH-6B6,1,1.3,4,,,,,,,,,1.3,,,,,,
2014-08-11,PA28-236,N1777A,6B6-PYM,1,0.6,1,,,,,,,,,0.6,,,,,,
2014-08-11,PA28-236,N1777A,PYM-6B6,1,0.7,,1,,,,0.7,,,,0.7,,,,,,
2014-09-11,PA28-236,N1777A,6B6-6B6,1,0.2,,,,,,,,,,0.2,,,,,,
2014-09-15,PA28-236,N1777A,6B6-6B6,1,1,3,,,,,,,,,1,,,,,,
2014-11-13,PA28-236,N1777A,6B6-VSF-6B6,2,1.7,3,,,,,,,1.7,,1.7,,,,,,17
2014-12-20,PA28-236,N1777A,6B6-1B9,1,0.6,1,,,,,,,,,0.6,,,,,,
2015-01-03,PA28-236,N1777A,1B9-6B6,1,0.5,1,,,,,,,,,0.5,,,,,$4.49,13
2015-03-10,PA28-236,N1777A,6B6-EEN-6B6,1,1.2,3,,,,,,,,,1.2,,,,,,
2015-03-16,PA28-236,N1777A,6B6-FIT-GDM-ORE-EEN-6B6,1,1.4,7,,,,,,,,,1.4,,,,,$3.79,46
2015-05-09,PA28-236,N1777A,6B6-FIT,1,0.3,1,,,,,,,,,0.3,,,,,,
2015-05-11,PA28-236,N1777A,FIT-EEN-ORE-FIT,3,1,3,,,,,,,,,1,,,,,,
2015-05-14,PA28-236,N1777A,FIT-EEN-FIT,2,1,2,,,,,,,,,1,,,,,,
2015-06-14,PA28-236,N1777A,FIT-4B8-6B6,2,2.1,3,,,,,,,,,2.1,,,,,,50
2015-09-15,PA28-236,N1777A,6B6-EEN-FIT-6B6,3,1.4,3,,,,,,,,,1.4,,,,,,20
2015-12-05,PA28-236,N1777A,6B6-EEN-VSF-6B6,3,1.7,3,,,,,,,1.7,,1.7,,,,,,
2015-12-06,PA28-236,N1777A,6B6-6B6,1,0.5,1,,,,,,,,,0.5,,,,,,
2015-12-07,PA28-236,N1777A,6B6-ORH-FIT-ASH-LWM-BED-6B6,6,1.5,6,,,,,,,,,1.5,,,,,,41
2015-12-16,PA28-236,N1777A,6B6-FIT-6B6,1,0.7,2,,,,,,,,,0.7,,,,,,
2015-12-16,PA28-236,N1777A,6B6-6B6,1,0.3,1,,,,,,,,,0.3,,,,,,
2016-01-07,PA28-236,N1777A,6B6-6B6,1,0.5,1,,,,,,,,,0.5,,,,,,
2016-01-08,PA28-236,N1777A,6B6-FIT-6B6,2,0.9,3,,,,,,,,,0.9,,,,,,21
2016-01-12,PA28-236,N1777A,6B6-7B2-0B5-VSF-6B6,4,2.5,4,,,,,,,2.5,,2.5,,,,,,25
2016-01-15,PA28-236,N1777A,6B6-FIT-ORE-EEN-6B6,4,1.4,4,,,,,,,,,1.4,,,,,,14
2016-01-17,PA28-236,N1777A,6B6-PYM,1,0.6,1,,,,,,,,,0.6,,,,,,
2016-01-17,PA28-236,N1777A,PYM-CQX,1,0.5,1,,,,,,,,,0.5,,,,,,
2016-01-17,PA28-236,N1777A,CQX-GHG,1,0.6,1,,,,,,,,,0.6,,,,,,
2016-01-17,PA28-236,N1777A,GHG-6B6,1,0.7,1,,,,,,,,,0.7,,,,,,21
2016-01-22,PA28-236,N1777A,6B6-LCI,1,0.9,1,,,,,,,0.9,,0.9,,,,,,
2016-01-22,PA28-236,N1777A,LCI-CON,1,0.4,1,,,,,,,,,0.4,,,,,,
2016-01-22,PA28-236,N1777A,CON-6B6,1,0.6,1,,,,,,,0.6,,0.6,,,,,,18
2016-01-22,PA28-236,N1777A,6B6-1B9,1,0.6,3,,,,,,,,,0.6,,,,,,
2016-04-02,PA28-236,N1777A,1B9-FIT-6B6,1,0.7,2,,,,,,,,,0.7,,,,,,
2016-04-06,PA28-236,N1777A,6B6-ORE-6B6,1,1.3,2,,,,,,,,,1.3,,,,,,34
2016-04-13,PA28-236,N1777A,6B6-1B9-6B6,1,2.4,5,,,,,,,,,2.4,,,,,,16
2016-04-17,PA28-236,N1777A,6B6-SFQ,1,3,1,,,,,,,3,3,3,,,,,,33
2016-04-17,PA28-236,N1777A,SFQ-CAE,1,2.2,1,,,,,,,2.2,2.2,2.2,,,,,,5
2016-04-20,PA28-236,N1777A,CAE-2G9,1,3.3,1,,,,,,,3.3,3.3,3.3,,,,,,55
2016-04-20,PA28-236,N1777A,2G9-6B6,1,3.2,1,,,,,,,3.2,3.2,3.2,,,,,,
2016-04-24,PA28-236,N1777A,6B6-6B6,1,0.6,1,,,,,,,,,0.6,,,,,,
2016-04-25,PA28-236,N1777A,6B6-VSF-6B6,2,1.6,2,,,,,,,1.6,1.6,1.6,,,,,,16
2016-04-29,PA28-236,N1777A,6B6-EEN-6B6,2,1.4,3,,,,,,,,1.4,1.4,,,,,,12
2016-05-10,PA28-236,N1777A,6B6-FIT-6B6,1,0.7,2,,,,,,,,0.7,0.7,,,,,,
2016-05-10,PA28-236,N1777A,6B6-6B6,1,0.4,3,,,,,,,,0.4,0.4,,,,,,
2016-05-11,PA28-236,N1777A,6B6-EWB-6B6,1,1.3,2,,,,,,,1.3,1.3,1.3,,,,,,22
2016-05-17,PA28-236,N1777A,6B6-FIT-6B6,1,0.8,3,,,,,,,,0.8,0.8,,,,,,
2016-05-18,PA28-236,N1777A,6B6-EEN-ORE-6B6,1,1.3,3,,,,,,,,1.3,1.3,,,,,,20
2016-05-18,PA28-236,N1777A,6B6-6B6,1,0.2,1,,,,,,,,0.2,0.2,,,,,,
2016-05-19,PA28-236,N1777A,6B6-ASH-6B6,2,0.9,2,,,,,,,,0.9,0.9,,,,,,
2016-05-22,PA28-236,N1777A,6B6-ORE-FIT-6B6,3,1.1,3,,,,,,,,1.1,1.1,,,,,,
2016-05-23,PA28-236,N1777A,6B6-IJD-6B6,2,1.3,2,,,,,,,1.3,1.3,1.3,,,,,,30
2016-05-26,PA28-236,N1777A,6B6-BAF-6B6,2,1.4,2,,,,,,,1.4,1.4,1.4,,,,,,
2016-05-27,PA28-236,N1777A,6B6-PYM-6B6,2,1.3,2,,,,,,,,,1.3,,,,,,25
2016-06-01,PA28-236,N1777A,6B6-6B6,1,1,1,,,0.9,3,,,,1,1,,1,,,,
2016-06-01,PA28-236,N1777A,6B6-ORH-6B6,2,0.8,2,,,,,,,,0.8,0.8,,,,,,
2016-06-06,PA28-236,N1777A,6B6-FIT-6B6,1,1.2,2,,,,,,,,,1.2,,,,,,
2016-06-07,PA28-236,N1777A,6B6-ASH-LWM-BED-6B6,2,1.3,5,,,,,,,,1.3,1.3,,,,,,
2016-06-15,PA28-236,N1777A,6B6-IJD-6B6,2,1.3,2,,,,,,,1.3,1.3,1.3,,,,,,
2016-06-16,PA28-236,N1777A,6B6-EEN-6B6,1,1.1,3,,,,,,,,1.1,1.1,,,,,,
2016-06-16,PA28-236,N1777A,6B6-6B6,1,0.2,1,,,,,,,,0.2,0.2,,,,,,
2016-06-16,PA28-236,N1777A,6B6-FIT-6B6,1,0.5,2,,,,,,,,0.5,0.5,,,,,,
2016-06-17,PA28-236,N1777A,6B6-6B6,1,0.2,1,,,,,,,,0.2,0.2,,,,,,
2016-06-17,PA28-236,N1777A,6B6-3B0-6B6,1,1.2,2,,,,,,,,1.2,1.2,,,,,,
2016-06-20,PA28-236,N1777A,6B6-ASH,1,0.4,1,,,,,,,,0.4,0.4,,,,,,
2016-06-27,PA28-236,N1777A,ASH-6B6,1,0.7,1,,,,,,,,0.7,0.7,,,,,,
2016-06-28,PA28-236,N1777A,6B6-6B6,1,1,1,,,,,,,,1,1,,,,,,
2016-06-29,PA28-236,N1777A,6B6-ORE-EEN,2,0.9,2,,,,,,,,0.9,0.9,,,,,,
2016-06-29,PA28-236,N1777A,EEN-BED-6B6,2,0.6,2,,,,,,,0.6,0.6,0.6,,,,,,
2016-07-06,PA28-236,N1777A,6B6-FIT-6B6,1,1.3,3,,,,,,,,1.3,1.3,,,,,,
2016-07-07,PA28-236,N1777A,6B6-ORH-FIT-6B6,1,1.2,3,,,,,,,,1.2,1.2,,,,,,
2016-07-10,PA28-236,N1777A,6B6-6B6,1,0.3,1,,,,,,,,0.3,0.3,,,,,,
2016-07-12,PA28-236,N1777A,6B6-6B6,1,0.3,1,,,,,,,,0.3,0.3,,,,,,
2016-07-12,PA28-236,N1777A,6B6-6B6,1,1,1,,,,,,,,,1,,,,,,
2016-07-12,PA28-236,N1777A,6B6-FIT-6B6,2,0.5,2,,,,,,,,0.5,0.5,,,,,,
2016-07-13,PA28-236,N1777A,6B6-WST-6B6,1,1.6,1,,,,,,,1.6,1.6,1.6,,,,,,
2016-07-15,PA28-236,N1777A,6B6-6B6,1,0.7,1,,,,,,,,0.7,0.7,,,,,,
2016-07-15,PA28-236,N1777A,6B6-BED-LWM-6B6,1,0.7,3,,,,,,,,0.7,0.7,,,,,,
2016-07-16,PA28-236,N1777A,6B6-EWB,1,0.7,1,,,,,,,0.7,,0.7,,,,,,
2016-07-16,PA28-236,N1777A,EWB-6B6,1,0.7,1,,,,,,,0.7,,0.7,,,,,,
2016-07-17,PA28-236,N1777A,6B6-FIT-6B6,1,0.7,1,,,,,,,,0.7,0.7,,,,,,
2016-07-20,PA28-236,N1777A,6B6-6B6,1,0.2,1,,,,,,,,0.2,0.2,,,,,,
2016-07-20,PA28-236,N1777A,6B6-FIT-6B6,1,0.6,2,,,,,,,,,0.6,,,,,,
2016-07-20,PA28-236,N1777A,6B6-ASH,1,0.3,1,,,,,,,,0.3,0.3,,,,,,
2016-07-20,PA28-236,N1777A,ASH-OWD,1,0.6,1,,,,,,,,,0.6,,,,,,
2016-07-20,PA28-236,N1777A,OWD-6B6,1,0.6,1,,,,,,,,0.6,0.6,,,,,,
2016-07-21,PA28-236,N1777A,6B6-6B6,1,0.4,1,,,,,,,,0.4,0.4,,,,,,
2016-07-21,PA28-236,N1777A,6B6-FIT-6B6,1,0.6,2,,,,,,,,,0.6,,,,,,
2016-07-22,PA28-236,N1777A,6B6-GDM-6B6,1,0.7,2,,,,,,,,0.7,0.7,,,,,,
2016-07-28,PA28-236,N1777A,6B6-6B6,1,1.3,1,,,0.8,3,,,,,1.3,,1.3,,,,
2016-07-28,PA28-236,N1777A,6B6-KFIT-6B6,2,0.9,2,,,,,,,,,0.9,,,,,,
2016-08-07,PA28-236,N1777A,6B6-6B6,1,0.2,1,,,,,,,,0.2,0.2,,,,,,
2016-08-07,PA28-236,N1777A,6B6-EEN-6B6,2,1,2,,,,,,,,,1,,,,,,
2016-08-08,PA28-236,N1777A,6B6-FIT-6B6,2,0.8,2,,,,,,,,0.8,0.8,,,,,,
