Date,Aircraft Type,Aircraft Ident,Route of Flight,Legs,Time in Flight,Day Landings,Night Landings,Instrument,Simulated Instrument,Approaches,Night,Simulator,Cross Country,Solo,Pilot in Command,Second in Command,Dual,As Instructor,Remarks
1988-06-11,PA28-161,N38969,OWD-LCL,MT,0.9,1,0,0,0,0,0,0,0,0,0,0,0.9,0,Intro to four fundamentals; use of trim; slow flt
1988-06-18,PA28-161,N38969,OWD-LCL,,1,4,0,0,0,0,0,0,0,0,0,0,0,0,Review four fundamentals; slow flight; MCA w/wout flaps; climbs & descents; turns; T&Gs rwy 35 winds calm
1988-07-09,PA28-161,N38969,OWD-LCL,,0.8,5,0,0,0,0,0,0,0,0,0,0,0.8,0,Review slow flt; touch & go's rwy 28
1994-10-15,C150M,N714MG,9B1-LCL,,1,1,0,0,0,0,0,0,0,0,0,0,1,0,"Preflight, taxiing, 4 fundamentals"
1994-10-17,C150M,N714MG,9B1-LCL,,1,1,0,0,0,0,0,0,0,0,0,0,1,0,"4 fundamentals; turns 10,15,20 deg. bank"
1994-10-18,C150L,N1283Q,9B1-LCL,,1,1,0,0,0,0,0,0,0,0,0,0,1,0,"4 fundamentals; 25 deg bank turns L&R, climbs & descents to heading & altitude"
1994-10-22,C150M,N714MG,9B1-LCL,,1,1,0,0,0,0,0,0,0,0,0,0,1,0,MCA w/wout flaps; following roads
1994-10-24,C150M,N714MG,9B1-LCL,,1,1,0,0,0,0,0,0,0,0,0,0,1,0,"Wind drift, crab angles, following a road; steep turns; turns around a pt; intro S-turns"
1994-10-25,C150M,N714MG,9B1-LCL,,1,1,0,0,0,0,0,0,0,0,0,0,1,0,All stalls; steep turns; emergency procedures
1994-10-29,C150M,N714MG,9B1-LCL,,1,1,0,0,0.3,0,0,0,0,0,0,0,1,0,Intro to hoodwork; steep turns L&R
1994-10-31,C150M,N714MG,9B1-LCL,,1,1,0,0,0.5,0,0,0,0,0,0,0,1,0,"S-turns, rec. patterns; inst. flying"
1994-11-03,C150L,N10956,9B1-LCL,,1,5,0,0,0,0,0,0,0,0,0,0,1,0,"Intro to traffic patt.; takeoffs & ldgs, go around"
1994-11-05,C150M,N714MG,9B1-LCL,,1,6,0,0,0,0,0,0,0,0,0,0,1,0,Takeoffs and landings
1994-11-08,C150M,N714MG,9B1-LCL,,1,7,0,0,0,0,0,0,0,0,0,0,1,0,Crosswind takeoffs and landings
1994-11-13,C150L,N10956,9B1-LCL,,1,7,0,0,0,0,0,0,0,0,0,0,1,0,Normal takeoffs and landings
1994-11-16,C150M,N714MG,9B1-LCL,,1,7,0,0,0,0,0,0,0,0,0,0,1,0,Normal takeoffs and landings; 2 engine out; good job
1994-11-19,C150M,N714MG,9B1-LCL,,1,6,0,0,0,0,0,0,0,0,0,0,1,0,Windy-gusty takeoffs and landings
1994-11-25,C150M,N714MG,9B1-LCL,,1,3,0,0,0.3,0,0,0,0,0,0,0,1,0,Takeoffs and landings; basic inst. flying; stall rec; p.off
1994-11-26,C150M,N714MG,9B1-LCL,,1,5,0,0,0,0,0,0,0,0,0,0,1,0,Takeoffs and landings; review of p. off/app. to ldg. stalls
1994-11-27,C150L,N10956,9B1-LCL,,1,6,0,0,0,0,0,0,0,0,0,0,1,0,Normal takeoffs and landings
1994-11-30,C150M,N714MG,9B1-LCL,,1,6,0,0,0,0,0,0,0,0.6,0,0,0.4,0,Normal takeoffs and landings; FIRST SOLO
1994-12-03,C150L,N1283Q,9B1-LCL,,1,6,0,0,0,0,0,0,0,0.5,0,0,0.5,0,Normal takeoffs and landings
1994-12-04,C150M,N45649,9B1-LCL,,1,7,0,0,0,0,0,0,0,0.5,0,0,0.5,0,Normal takeoffs and landings
1994-12-20,C150L,N10956,9B1-LCL,,1.2,7,0,0,0,0,0,0,0,0.4,0,0,0.8,0,Demo soft field takeoff; normal takeoffs and landings
1994-12-22,C150M,N714MG,9B1-LCL,,1.1,7,0,0,0,0,0,0,0,0.3,0,0,0.8,0,Normal takeoffs and landings
1994-12-23,C150M,N714MG,9B1-3B3-9B1,,1,2,0,0,0,0,0,0,0,0,0,0,1,0,VOR tracking; crosswind landing
1994-12-27,C150M,N714MG,9B1-ORE-ASH-9B1,,1.8,3,0,0,0,0,0,0,1.8,0,0,0,1.8,0,"Pilotage, dead rec., radio work"
1994-12-31,C150L,N10956,9B1-PUT-PVD-EWB-9B1,,2,2,0,0,0,0,0,0,2,0,0,0,2,0,"Pilotage, dead rec., radio work, VOR work"
1995-01-04,C150M,N714MG,9B1-FIT-9B1,,1.5,5,0,0,0,0,0,0,0,0,0,0,1.5,0,DF steer; no flap landing; soft field landing; short field landings
1995-01-08,C150L,N1283Q,9B1-PUT-GON-HYA-9B1,,3.7,3,0,0,0,0,0,0,3.7,0,0,0,3.7,0,Pilotage; VOR work; dead rec.; OK for solo x-country this time
1995-01-10,C150M,N714MG,9B1-CON,,0.9,1,0,0,0,0,0,0,0.9,0.9,0,0,0,0,
1995-01-10,C150M,N714MG,CON-9B1,,0.8,1,0,0,0,0,0,0,0.8,0.8,0,0,0,0,
1995-01-29,C150M,N714MG,9B1-9B1,,1,1,0,0,0.5,0,0,0,0,0,0,0,1,0,MCA w/wout flaps; basic att. inst.; unusual att. recovery
1995-01-31,C150M,N714MG,9B1-GON,,1.2,1,0,0,0,0,0,0,1.2,1.2,0,0,0,0,
1995-01-31,C150M,N714MG,GON-9B1,,1.1,1,0,0,0,0,0,0,1.1,1.1,0,0,0,0,
1995-02-13,PA28-161,N4359D,OWD-1B9-OWD,,1.2,3,0,0,0,0,0,0,0,0,0,0,1.2,0,"Warrior familiarization, private pilot test prep, x-wind landings"
1995-02-18,PA28-161,N4359D,OWD-SFZ-1B9-OWD,,1.6,8,0,0,0,0,0,0,1.6,0,0,0,1.6,0,"X-country procedures; lost procedures; class B procedures; pattern entry; T&G's, go-around, emergency procedures"
1995-02-19,PA28-161,N4359D,OWD-1B9-OWD,,1.8,9,0,0,0,0,0,0,0,0.4,0,0,1.4,0,Short field takeoffs and landings; aborted takeoff; first Warrior solo flight
1995-02-23,PA28-151,N40857,OWD-1B9-OWD,,0.8,2,0,0,0,0,0,0,0,0,0,0,0.8,0,Pre-purchase test flight
1995-02-25,PA28-151,N40857,OWD-LCL,,0.6,4,0,0,0,0,0,0,0,0,0,0,0.6,0,Gusty wind takeoffs and landings
1995-02-26,PA28-151,N40857,OWD-HYA,,0.7,1,0,0,0,0,0,0,0.7,0.7,0,0,0,0,
1995-02-26,PA28-151,N40857,HYA-OWD,,0.9,1,0,0,0,0,0,0,0.9,0.9,0,0,0,0,
1995-02-26,PA28-151,N40857,OWD-GON,,1.1,1,0,0,0,0,0,0,1.1,1.1,0,0,0,0,
1995-02-26,PA28-151,N40857,GON-OWD,,0.8,1,0,0,0,0,0,0,0.8,0.8,0,0,0,0,
1995-03-04,PA28-151,N40857,OWD-WVL,,1.8,1,0,0,0,0,0,0,1.8,1.8,0,0,0,0,
1995-03-04,PA28-151,N40857,WVL-MHT,,1.8,1,0,0,0,0,0,0,1.8,1.8,0,0,0,0,
1995-03-04,PA28-151,N40857,MHT-OWD,,0.7,1,0,0,0,0,0,0,0.7,0.7,0,0,0,0,
1995-03-04,PA28-151,N40857,OWD-LCL,,0.7,5,0,0,0,0,0,0,0,0.7,0,0,0,0,Touch & go's and full stop takeoffs and landings
1995-03-10,PA28-151,N40857,OWD-LCL,,2.3,6,0,0,0,0,0,0,0,2.3,0,0,0,0,"Touch & go's, steep turns, MCA, stalls, S-turns"
1995-03-10,PA28-151,N40857,OWD-LCL,,2.1,8,0,0,0,0,0,0,0,2.1,0,0,0,0,"Touch & go's, turns, ground ref., VOR work, stalls, slow flight"
1995-03-11,PA28-151,N40857,OWD-LCL,,1.5,3,0,0,0,0,0,0,0,0,0,0,1.5,0,Private pilot test prep
1995-03-12,PA28-151,N40857,OWD-LCL,,1.2,7,0,0,0,0,0,0,0,0,0,0,1.2,0,Private pilot test prep
1995-03-12,PA28-151,N40857,OWD-PVD-TAN-PYM-OWD,,1.5,0,5,0,0.3,0,1.5,0,1.5,0,0,0,1.5,0,Night familiarization; takeoffs and landings
1995-03-18,PA28-151,N40857,OWD-LCL,,1.1,6,0,0,0,0,0,0,0,1.1,0,0,0,0,Touch & go's
1995-03-19,PA28-151,N40857,OWD-ORH-1B9-OWD,,1.7,0,7,0,0.3,0,1.7,0,1.7,0,0,0,1.7,0,"Night ops; appr. & dep. stalls, MCA; simulated engine out landing"
1995-03-29,PA28-151,N40857,OWD-LCL,,1,4,0,0,0,0,0,0,0,1,0,0,0,0,Practice for test
1995-04-01,PA28-151,N40857,OWD-BDR,,1.4,1,0,0,0,0,0,0,1.4,1.4,0,0,0,0,
1995-04-01,PA28-151,N40857,BDR-OWD,,1.4,1,0,0,0,0,0,0,1.4,1.4,0,0,0,0,
1995-04-02,PA28-151,N40857,OWD-5B2,,1.6,1,0,0,0,0,0,0,1.6,1.6,0,0,0,0,
1995-04-02,PA28-151,N40857,5B2-CAM-GDM-OWD,,1.4,1,0,0,0,0,0,0,1.4,1.4,0,0,0,0,
1995-04-03,PA28-151,N40857,OWD-MA07-OWD,,1.6,6,0,0,0,0,0,0,0,0,0,0,1.6,0,App. & dep. stalls; slow flight; MCA; short & soft field takeoffs & ldgs; emergency proc.; private pilot test prep
1995-04-06,PA28-151,N40857,OWD-LCL,,1.6,7,0,0,0,0,0,0,0,1.6,0,0,0,0,"Takeoffs and landings; short field, soft field ops"
1995-04-11,PA28-151,N40857,OWD-LCL,,1.4,1,0,0,0.2,0,0,0,0.5,0,1.4,0,0,0,Private pilot flight test
1995-04-11,PA28-151,N40857,OWD-BDR,,1.2,1,0,0,0,0,0,0,1.2,0,1.2,0,0,0,Bought headset
1995-04-11,PA28-151,N40857,BDR-OWD,,2.4,1,0,0,0,0,0,0,2.4,0,2.4,0,0,0,VFR corridor in NY
1995-04-11,PA28-151,N40857,OWD-HYA,,0.8,0,1,0,0,0,0.8,0,0.8,0,0.8,0,0,0,Dinner w/Bruce
1995-04-11,PA28-151,N40857,HYA-OWD,,0.7,0,1,0,0,0,0.7,0,0.7,0,0.7,0,0,0,
1995-04-15,PA28-151,N40857,OWD-BID,,0.9,1,0,0,0,0,0,0,0.9,0,0.9,0,0,0,Lunch w/Pax
1995-04-15,PA28-151,N40857,BID-1B2,,0.7,1,0,0,0,0,0,0,0,0,0.7,0,0,0,"Katama, soft field"
1995-04-15,PA28-151,N40857,1B2-PVC,,0.7,1,0,0,0,0,0,0,0.7,0,0.7,0,0,0,
1995-04-15,PA28-151,N40857,PVC-1B6-OWD,,1,2,0,0,0,0,0,0,1,0,1,0,0,0,Hopedale
1995-04-16,PA28-151,N40857,OWD-1B2,,0.9,1,0,0,0,0,0,0,0.9,0,0.9,0,0,0,"Katama, soft field"
1995-04-16,PA28-151,N40857,1B2-OWD,,1,1,0,0,0,0,0,0,1,0,1,0,0,0,
1995-04-17,PA28-151,N40857,OWD-LCL,,0.6,1,0,0,0,0,0,0,0,0,0.6,0,0,0,Marathon watching
1995-04-18,PA28-151,N40857,OWD-HYA,,0.8,0,1,0,0,0,0.8,0,0.8,0,0.8,0,0,0,
1995-04-18,PA28-151,N40857,HYA-OWD,,0.7,0,1,0,0,0,0.7,0,0.7,0,0.7,0,0,0,
1995-04-20,PA28-151,N40857,OWD-BOS,,0.5,0,1,0,0,0,0.5,0,0,0,0.5,0,0,0,Class B - pick up Adam
1995-04-20,PA28-151,N40857,BOS-OWD,,0.5,0,1,0,0,0,0.5,0,0,0,0.5,0,0,0,return (Signature Flight Support)
1995-04-22,PA28-151,N40857,OWD-EEN,,1.2,1,0,0,0,0,0,0,1.2,0,1.2,0,0,0,Dinner at Keene State
1995-04-22,PA28-151,N40857,EEN-OWD,,0.7,1,0,0,0,0,0,0,0.7,0,0.7,0,0,0,
1995-04-22,PA28-151,N40857,OWD-NY city-OWD,,3.5,0,1,0,0,0,3.5,0,3.5,0,3.5,0,0,0,"Manhattan VFR corridor, sightseeing at night"
1995-04-25,PA28-151,N40857,OWD-ORH,,0.6,1,0,0,0,0,0,0,0,0,0.6,0,0,0,Radio Shop for ADF repair
1995-04-25,PA28-151,N40857,ORH-OWD,,0.6,1,0,0,0,0,0,0,0,0,0.6,0,0,0,Return from Radio Shop
1995-04-25,PA28-151,N40857,OWD-GON,,0.9,0,1,0,0,0,0.9,0,0.9,0,0.9,0,0,0,Night low enroute practice
1995-04-25,PA28-151,N40857,GON-OWD,,0.9,0,1,0,0,0,0.9,0,0.9,0,0.9,0,0,0,
1995-04-28,PA28-151,N40857,OWD-LCL,,0.5,1,0,0,0,0,0,0,0,0,0.5,0,0,0,Dad's first ride
1995-04-29,PA28-151,N40857,OWD-MTP,,1.2,1,0,0,0,0,0,0,1.2,0,1.2,0,0,0,Montauk Point
1995-04-29,PA28-151,N40857,MTP-OWD,,1,1,0,0,0,0,0,0,1,0,1,0,0,0,
1995-05-03,PA28-151,N40857,OWD-HYA,,0.7,1,0,0,0,0,0,0,0.7,0,0.7,0,0,0,Lunch w/John & Pax
1995-05-03,PA28-151,N40857,HYA-OWD,,0.8,1,0,0,0,0,0,0,0.8,0,0.8,0,0,0,
1995-05-04,PA28-151,N40857,OWD-ACK,,1,0,1,0,0,0,1,0,1,0,1,0,0,0,
1995-05-04,PA28-151,N40857,ACK-OWD,,0.9,0,1,0,0,0,0.9,0,0.9,0,0.9,0,0,0,
1995-05-05,PA28-151,N40857,OWD-PWM,,1.3,0,1,0,0,0,1.3,0,1.3,0,1.3,0,0,0,"Portland, ME"
1995-05-05,PA28-151,N40857,PWM-OWD,,1.1,0,1,0,0,0,1.1,0,1.1,0,1.1,0,0,0,
1995-05-08,PA28-151,N40857,OWD-MA07-OWD,,0.8,2,0,0,0,0,0,0,0,0,0.8,0,0,0,Warmup for oil change
1995-05-09,PA28-151,N40857,OWD-BID-OWD,,1.7,0,2,0,0,0,1.7,0,1.7,0,1.7,0,0,0,
1995-05-14,PA28-151,N40857,OWD-BDL,,0.9,1,0,0,0,0,0,0,0.9,0,0.9,0,0,0,New England Air Museum
1995-05-14,PA28-151,N40857,BDL-FIT,,0.8,1,0,0,0,0,0,0,0.8,0,0.8,0,0,0,
1995-05-14,PA28-151,N40857,FIT-9B1-OWD,,0.7,2,0,0,0,0,0,0,0,0,0.7,0,0,0,Marlboro - short field practice
1995-05-20,PA28-151,N40857,OWD-ACK,,0.9,1,0,0,0,0,0,0,0.9,0,0.9,0,0,0,
1995-05-20,PA28-151,N40857,ACK-PVC,,0.8,1,0,0,0,0,0,0,0.8,0,0.8,0,0,0,
1995-05-20,PA28-151,N40857,PVC-CQX,,0.4,1,0,0,0,0,0,0,0,0,0.4,0,0,0,
1995-05-20,PA28-151,N40857,CQX-OWD,,0.9,1,0,0,0,0,0,0,0.9,0,0.9,0,0,0,
1995-05-21,PA28-151,N40857,OWD-ACK,,0.9,1,0,0,0,0,0,0,0.9,0,0.9,0,0,0,Adam
1995-05-21,PA28-151,N40857,ACK-OWD,,1,1,0,0,0,0,0,0,1,0,1,0,0,0,
1995-05-23,PA28-151,N40857,OWD-HYA,,0.7,1,0,0,0,0,0,0,0.7,0,0.7,0,0,0,Joe & Pax
1995-05-23,PA28-151,N40857,HYA-OWD,,0.7,1,0,0,0,0,0,0,0.7,0,0.7,0,0,0,
1995-05-25,PA28-151,N40857,OWD-PVD-OWD,,1.1,0,2,0,0,0,1.1,0,0,0,1.1,0,0,0,Providence w/Eric
1995-05-27,PA28-151,N40857,OWD-PVC,,0.6,1,0,0,0,0,0,0,0,0,0.6,0,0,0,"Mom & Barbara, pick-up"
1995-05-27,PA28-151,N40857,PVC-1B2,,0.8,1,0,0,0,0,0,0,0,0,0.8,0,0,0,Lunch at Edgartown
1995-05-27,PA28-151,N40857,1B2-PVC,,0.7,1,0,0,0,0,0,0,0,0,0.7,0,0,0,
1995-05-27,PA28-151,N40857,PVC-OWD,,0.6,0,1,0,0,0,0.6,0,0,0,0.6,0,0,0,
1995-05-28,PA28-151,N40857,OWD-LCI,,1,1,0,0,0,0,0,0,1,0,1,0,0,0,"Lake Winnepesaukee, Laconia"
1995-05-28,PA28-151,N40857,LCI-OWD,,1.1,1,0,0,0,0,0,0,1.1,0,1.1,0,0,0,
1995-05-30,PA28-151,N40857,OWD-ACK,,0.8,1,0,0,0,0,0,0,0.8,0,0.8,0,0,0,Damian & Pax
1995-05-30,PA28-151,N40857,ACK-OWD,,1,0,1,0,0,0,1,0,1,0,1,0,0,0,
1995-05-31,PA28-151,N40857,OWD-BID,,0.9,1,0,0,0,0,0,0,0.9,0,0.9,0,0,0,
1995-05-31,PA28-151,N40857,BID-OWD,,0.8,1,0,0,0,0,0,0,0.8,0,0.8,0,0,0,
1995-06-04,PA28-151,N40857,OWD-9B1-OWD,,1,2,0,0,0,0,0,0,0,0,1,0,0,0,"Stalls, steep turns, short field"
1995-06-04,PA28-151,N40857,OWD-ACK,,0.7,1,0,0,0,0,0,0,0.7,0,0.7,0,0,0,Kathy
1995-06-04,PA28-151,N40857,ACK-OWD,,1.1,0,1,0,0,0,1.1,0,1.1,0,1.1,0,0,0,
1995-06-09,PA28-151,N40857,OWD-AFN,,0.8,1,0,0,0,0,0,0,0.8,0,0.8,0,0,0,"Mt. Monadnock, Jaffrey, NH"
1995-06-10,PA28-151,N40857,AFN-OWD,,0.9,1,0,0,0,0,0,0,0.9,0,0.9,0,0,0,
1995-06-11,PA28-151,N40857,OWD-LCL,,0.5,1,0,0,0,0,0,0,0,0,0.5,0,0,0,Demo flight
1995-06-11,PA28-151,N40857,OWD-LCL,,1.3,1,0,0,0.9,0,0,0,0,0,1.3,0,1.3,0,"Basic instrument attitude flying, climbing & descending turns; unusual attitudes"
1995-06-13,PA28-151,N40857,OWD-MHT,,0.6,1,0,0,0,0,0,0,0,0,0.6,0,0,0,Seeking dinner at Manchester w/Adam
1995-06-13,PA28-151,N40857,MHT-LEB,,0.9,0,1,0,0,0,0.9,0,0.9,0,0.9,0,0,0,Looking for Chinese food
1995-06-13,PA28-151,N40857,LEB-OWD,,1.1,0,1,0,0,0,1.1,0,1.1,0,1.1,0,0,0,Dinner at Adam's house
1995-06-16,PA28-151,N40857,OWD-ACK,,0.9,1,0,0,0,1,0,0,0.9,0,0.9,0,0,0,Practice ILS 24
1995-06-16,PA28-151,N40857,ACK-OWD,,1,0,1,0,0,1,1,0,1,0,1,0,0,0,Practice LOC 35
1995-06-18,PA28-151,N40857,OWD-MTP,,1.1,1,0,0,0,0,0,0,1.1,0,1.1,0,0,0,"Pax, beach"
1995-06-18,PA28-151,N40857,MTP-ACK,,0.8,1,0,0,0,0,0,0,0.8,0,0.8,0,0,0,VFR minimums (no horizon)
1995-06-18,PA28-151,N40857,ACK-OWD,,1.2,0,1,0,0,1,1.2,0,1.2,0,1.2,0,0,0,Practice LOC 35
1995-06-21,PA28-151,N40857,OWD-ORH,,0.5,1,0,0,0,0,0,0,0,0,0.5,0,0,0,Radio Shop
1995-06-21,PA28-151,N40857,ORH-OWD,,0.8,1,0,0,0,0,0,0,0,0,0.8,0,0,0,"Transponder, pitot static checks complete"
1995-06-21,PA28-151,N40857,OWD-ORE-OWD,,2.3,0,2,0,0,0,2.3,0,2.3,0,2.3,0,0,0,"ADF tests: IHM, SFZ, CLY, PMX, DRE, FIT, OW"
1995-06-28,PA28-151,N40857,OWD-ACK,,0.9,1,0,0,0,0,0,0,0.9,0,0.9,0,0,0,"Dinner w/Natasha, Karen, Pax"
1995-06-28,PA28-151,N40857,ACK-OWD,,1,0,1,0,0,0,1,0,1,0,1,0,0,0,
1995-06-29,PA28-151,N40857,OWD-HYA,,0.8,1,0,0,0,0,0,0,0.8,0,0.8,0,0,0,Adam
1995-06-29,PA28-151,N40857,HYA-OWD,,0.8,0,1,0,0,0,0.8,0,0.8,0,0.8,0,0,0,
1995-06-30,PA28-151,N40857,OWD-TEB,,1.8,1,0,0,0,0,0,0,1.8,0,1.8,0,0,0,"Natasha & Pax, Teterboro, NJ"
1995-07-01,PA28-151,N40857,TEB-OWD,,2.4,0,1,0,0,2,2.4,0,2.4,0,2.4,0,0,0,"VFR corridor in NY city, IFR soup, 2 approaches, LOC 35"
1995-07-02,PA28-151,N40857,OWD-2B2,,1.8,1,0,0,0,1,0,0,0,0,1.8,0,0,0,"Practice LOC 29/11 ORH, Plum Island"
1995-07-02,PA28-151,N40857,2B2-OWD,,0.9,1,0,0,0,0,0,0,0,0,0.9,0,0,0,
1995-07-03,PA28-151,N40857,OWD-ACK,,0.9,1,0,0,0,0,0,0,0.9,0,0.9,0,0,0,"Dave Pascoe, Andrea, Oscar"
1995-07-03,PA28-151,N40857,ACK-MTP,,0.9,1,0,0,0,0,0,0,0.9,0,0.9,0,0,0,Montauk Point
1995-07-03,PA28-151,N40857,MTP-OWD,,1.4,0,1,0,0,0,0.4,0,1.4,0,1.4,0,0,0,Watching the fireworks
1995-07-03,PA28-151,N40857,OWD-LCL,,0.7,0,1,0,0,0,0.7,0,0,0,0.7,0,0,0,"Boston Class B """"Tour"""""
1995-07-09,PA28-151,N40857,OWD-MVY,,1,1,0,0,0,0,0,0,1,0,1,0,0,0,"Vineyard Haven after wash, bad r. mag"
1995-07-09,PA28-151,N40857,MVY-OWD,,0.8,1,0,0,0,0,0,0,0.8,0,0.8,0,0,0,
1995-07-15,PA28-151,N40857,OWD-HYA,,0.7,1,0,0,0,0,0,0,0.7,0,0.7,0,0,0,Adam & Robbie
1995-07-15,PA28-151,N40857,HYA-OWD,,1.1,0,1,0,0,0,1.1,0,1.1,0,1.1,0,0,0,"Fenway Park, BOS tower"
1995-07-16,PA28-151,N40857,OWD-FFA,,4.9,1,0,0,0,0,0,0,4.9,0,4.9,0,0,0,"Kitty Hawk, NC"
1995-07-16,PA28-151,N40857,FFA-MQI,,0.4,1,0,0,0,0,0,0,0,0,0.4,0,0,0,"Dare County, getting fuel"
1995-07-16,PA28-151,N40857,MQI-OWD,,4.6,0,1,0,0,0,3.1,0,4.6,0,4.6,0,0,0,
1995-07-19,PA28-151,N40857,OWD-ACK,,0.8,1,0,0,0,0,0,0,0.8,0,0.8,0,0,0,Hutch's
1995-07-19,PA28-151,N40857,ACK-OWD,,1.5,0,1,0,0,0,1.5,0,1.5,0,1.5,0,0,0,Stall practice
1995-07-20,PA28-151,N40857,OWD-ORH,,0.7,1,0,0,0,0,0,0,0,0,0.7,0,0,0,"Radio Shop, ADF & glide slope"
1995-07-20,PA28-151,N40857,ORH-OWD,,0.7,1,0,0,0,1,0,0,0,0,0.7,0,0,0,Practice LOC 35
1995-07-22,PA28-151,N40857,OWD-MTP,,1.1,1,0,0,0,0,0,0,1.1,0,1.1,0,0,0,Montauk Point
1995-07-22,PA28-151,N40857,MTP-OWD,,1.3,1,0,0,0,2,0,0,1.3,0,1.3,0,0,0,"ILS 23 PVD, LOC 35 OWD"
1995-07-24,PA28-151,N40857,OWD-PVD,,0.6,0,1,0,0,1,0.6,0,0,0,0.6,0,0,0,ILS 23
1995-07-24,PA28-151,N40857,PVD-HYA,,0.8,0,1,0,0,0,0.8,0,0.8,0,0.8,0,0,0,Pax
1995-07-25,PA28-151,N40857,HYA-OWD,,1,0,1,0,0,0,1,0,1,0,1,0,0,0,Killed the battery (left the master on)
1995-07-30,PA28-151,N40857,OWD-MTP,,1,1,0,0,0,0,0,0,1,0,1,0,0,0,
1995-07-30,PA28-151,N40857,MTP-4N1,,1.4,1,0,0,0,0,0,0,1.4,0,1.4,0,0,0,"Greenwood, NJ, Airhead Pilot Shop"
1995-07-30,PA28-151,N40857,4N1-OWD,,1.8,1,0,0,0,0,0,0,1.8,0,1.8,0,0,0,"IGN, BDL, Direct"
1995-07-31,PA28-151,N40857,OWD-ACK,,1,1,0,0,0,0,0,0,1,0,1,0,0,0,Hutch's
1995-07-31,PA28-151,N40857,ACK-BID,,1,0,1,0,0,0,0.6,0,1,0,1,0,0,0,
1995-07-31,PA28-151,N40857,BID-ACY,,2.3,0,1,0,0,0,2.3,0,2.3,0,2.3,0,0,0,Random gambling hop
1995-08-01,PA28-151,N40857,ACY-OWD,,2.7,0,1,0,0,0,2.5,0,2.7,0,2.7,0,0,0,
1995-08-07,PA28-151,N40857,OWD-2B6,,1.1,1,0,0,0,0,0,0,1.1,0,1.1,0,0,0,North Adams
1995-08-07,PA28-151,N40857,2B6-FIT-OWD,,1.7,0,3,0,0,0,1.7,0,1.7,0,1.7,0,0,0,Practice night ops at FIT
1995-08-08,PA28-151,N40857,OWD-1B9-OWD,,1.6,1,0,0,0.8,4,0,0,0,0,1.6,0,1.6,0,"NDB holds & approaches, LOC app.; turns, climbs, descents, straight & level"
1995-08-09,PA28-151,N40857,OWD-1B9-OWD,,2,0,6,0,0,4,2,0,0,0,2,0,0,0,"Tons of practice NDB holds, NDB approaches, LOC approach"
1995-08-11,PA28-151,N40857,OWD-5B6,,0.8,1,0,0,0,0,0,0,0,0,0.8,0,0,0,"Falmouth, The MathWorks outing"
1995-08-12,PA28-151,N40857,5B6-LCL,,0.3,1,0,0,0,0,0,0,0,0,0.3,0,0,0,"John C., Shoshana, Dave F., beach buzz"
1995-08-13,PA28-151,N40857,5B6-BED-OWD,,1.3,2,0,0,0,0,0,0,1.3,0,1.3,0,0,0,
1995-08-14,PA28-151,N40857,OWD-MTP,,1,1,0,0,0,0,0,0,1,0,1,0,0,0,Bruce & Adam
1995-08-14,PA28-151,N40857,MTP-OWD,,1,0,1,0,0,0,1,0,1,0,1,0,0,0,
1995-08-14,PA28-151,N40857,OWD-LCL,,0.4,0,2,0,0,0,0.4,0,0,0,0.4,0,0,0,"Unsatisfied with landing, practiced night landings"
1995-08-17,PA28-151,N40857,OWD-2B6,,1.1,1,0,0,0,0,0,0,1.1,0,1.1,0,0,0,Sandwich run
1995-08-17,PA28-151,N40857,2B6-1B9-OWD,,2.1,0,1,0,0,1,2.1,0,2.1,0,2.1,0,0,0,"NDB holds, NDB approach"
1995-08-19,PA28-151,N40857,OWD-1B2,,1,1,0,0,0,0,0,0,1,0,1,0,0,0,"Katama, soft field"
1995-08-19,PA28-151,N40857,1B2-OWD,,1,1,0,0,0,0,0,0,1,0,1,0,0,0,
1995-08-20,PA28-151,N40857,OWD-LCI,,1,1,0,0,0,0,0,0,1,0,1,0,0,0,Lake Winnepesaukee
1995-08-20,PA28-151,N40857,LCI-OWD,,1.1,0,1,0,0,0,1.1,0,1.1,0,1.1,0,0,0,
1995-08-21,PA28-151,N40857,OWD-EWB-1B9-OWD,,1.7,2,0,0,1.3,4,0,0,0,0,1.7,0,1.7,0,"NDB holds, ILS app's, NDB app, LOC app; turns & climbs"
1995-08-21,PA28-151,N40857,OWD-MTP,,1,1,0,0,0,0,0,0,1,0,1,0,0,0,
1995-08-21,PA28-151,N40857,MTP-ACK,,0.9,0,1,0,0,0,0.1,0,0.9,0,0.9,0,0,0,Hutch's
1995-08-21,PA28-151,N40857,ACK-OWD,,1.2,0,1,0,0,1,1.2,0,1.2,0,1.2,0,0,0,LOC 35
1995-08-22,PA28-151,N40857,OWD-PVD-OWD,,1.9,4,0,0,1.3,3,0,0,0,0,1.9,0,1.9,0,"ILS, VOR, LOC approaches, clearances, and radio comm."
1995-08-25,PA28-151,N40857,OWD-2B4,,0.6,0,1,0,0,0,0.6,0,0,0,0.6,0,0,0,"Newport, RI w/Bruce"
1995-08-25,PA28-151,N40857,2B4-OWD,,0.7,0,1,0,0,0,0.7,0,0,0,0.7,0,0,0,
1995-08-27,PA28-151,N40857,OWD-EWB-OWD,,1.3,1,0,0,1,4,0,0,0,0,1.3,0,1.3,0,"IFR flight planning, clearances, BC, ILS, LOC, partial panel, timed turns, climbs & descents"
1995-08-27,PA28-151,N40857,OWD-PWM,,1.4,1,0,0,0,0,0,0,1.4,0,1.4,0,0,0,"Portland, ME"
1995-08-27,PA28-151,N40857,PWD-OWD,,1.1,0,1,0,0,0,1.1,0,1.1,0,1.1,0,0,0,
1995-08-29,PA28-151,N40857,OWD-HYA,,0.8,1,0,0,0,0,0,0,0.8,0,0.8,0,0,0,Pax
1995-08-29,PA28-151,N40857,HYA-OWD,,0.6,1,0,0,0,0,0,0,0.6,0,0.6,0,0,0,back to work
1995-08-30,PA28-151,N40857,OWD-FLR-OWD,,1.6,2,0,0,1.2,3,0,0,0,0,1.6,0,1.6,0,"NDB holds, radial intercepts, NDB & LOC app., compass turns, partial panel"
1995-08-31,PA28-151,N40857,OWD-2B4,,0.7,1,0,0,0,0,0,0,0,0,0.7,0,0,0,Newport State w/Sheryl & Bruce
1995-08-31,PA28-151,N40857,2B4-OWD,,0.5,0,1,0,0,0,0.5,0,0,0,0.5,0,0,0,"140+ knots, mdt tb"
1995-09-01,PA28-151,N40857,OWD-BWI,,3.4,0,1,0,0,0,1.4,0,3.4,0,3.4,0,0,0,Julie's engagement party in Baltimore
1995-09-02,PA28-151,N40857,BWI-FDK,,0.7,1,0,0,0,0,0,0,0,0,0.7,0,0,0,"Emily, Dad, Shellie"
1995-09-02,PA28-151,N40857,FDK-BWI,,0.5,1,0,0,0,0,0,0,0,0,0.5,0,0,0,
1995-09-03,PA28-151,N40857,BWI-OWD,,3.2,1,0,0,0,0,0,0,3.2,0,3.2,0,0,0,"Over NY city, 7500'"
1995-09-04,PA28-151,N40857,OWD-1B9-OWD,,1.5,2,0,0,1.2,3,0,0,0,0,1.5,0,1.5,0,"Partial panel, unusual attitudes, NDB holds, NDB, LOC apps"
1995-09-08,PA28-151,N40857,OWD-PWM,,1.2,1,0,0,0,0,0,0,1.2,0,1.2,0,0,0,"Portland, ME"
1995-09-08,PA28-151,N40857,PWM-OWD,,1.2,0,1,0,0,0,1.2,0,1.2,0,1.2,0,0,0,"MVFR over PSM & ENE, then VFR"
1995-09-11,PA28-151,N40857,OWD-ACK,,0.9,0,1,0,0,0,0.2,0,0.9,0,0.9,0,0,0,"Pax, Adam, Hutch's"
1995-09-11,PA28-151,N40857,ACK-OWD,,1.1,0,1,0,0,0,1.1,0,1.1,0,1.1,0,0,0,
1995-09-12,PA28-151,N40857,OWD-PYM-OWD,,1.4,2,0,0,1,3,0,0,0,0,1.4,0,1.4,0,"NDB holds, 2 NDB apps, circle to landings"
1995-09-13,PA28-151,N40857,OWD-EWB-OWD,,1.5,2,0,0.9,0,3,0,0,0,0,1.5,0,1.5,0,"Filing, clearnances, NDB, LOC back course, LOC app"
1995-09-15,PA28-151,N40857,OWD-ORH,,0.7,1,0,0,0,0,0,0,0,0,0.7,0,0,0,"Radio Shop, ADF noise filter"
1995-09-15,PA28-151,N40857,ORH-5B6,,1,1,0,0,0,0,0,0,1,0,1,0,0,0,Sandwich run in North Adams
1995-09-15,PA28-151,N40857,5B6-ORH,,0.9,1,0,0,0,0,0,0,0.9,0,0.9,0,0,0,"150 knots, 9500'"
1995-09-15,PA28-151,N40857,ORH-OWD,,0.8,0,1,0,0,1,0.8,0,0,0,0.8,0,0,0,Eric Clapton concert; LOC 35
1995-09-16,PA28-151,N40857,OWD-SYR,,2.4,0,1,0,0,0,0.4,0,2.4,0,2.4,0,0,0,"Syracuse, NY; Giovanni's for dinner"
1995-09-16,PA28-151,N40857,SYR-BUF,,1.8,0,1,0,0,0,1.8,0,1.8,0,1.8,0,0,0,"Buffalo, NY; flight service stop for weather"
1995-09-17,PA28-151,N40857,BUF-DET,,2.7,0,1,0,0,0,2.7,0,2.7,0,2.7,0,0,0,Through Canada to Detroit City
1995-09-17,PA28-151,N40857,DET-D96,,1.5,0,1,0,0,0,1.5,0,1.5,0,1.5,0,0,0,"Coldwater, MI; IFR diversion"
1995-09-17,PA28-151,N40857,D96-HAI,,0.5,0,1,0,0,0,0.5,0,0,0,0.5,0,0,0,"Three River, Haines; IFR stop"
1995-09-17,PA28-151,N40857,HAI-CGX,,1.1,1,0,0,0,0,0,0,1.1,0,1.1,0,0,0,"Chicago Meigs Field, Rwy 18"
1995-09-18,PA28-151,N40857,CGX-BUF,,3.9,1,0,0,0,0,0,0,3.9,0,3.9,0,0,0,
1995-09-18,PA28-151,N40857,BUF-OWD,,3.3,0,1,0,0,0,2.3,0,3.3,0,3.3,0,0,0,
1995-09-19,PA28-151,N40857,OWD-TAN-1B9-OWD,,1.8,2,0,0,1.5,3,0,0,0,0,1.8,0,1.8,0,"Charlie patterns, NDB holds, NDB apps, LOC app"
1995-09-20,PA28-151,N40857,OWD-BED-OWD,,1.7,3,0,1,0,4,0,0,0,0,0.7,0,1.7,0,"ILS apps, NDB app, LOC app, communications, clearances"
1995-09-23,PA28-151,N40857,OWD-ACK,,0.9,1,0,0,0,0,0,0,0.9,0,0.9,0,0,0,Raymond
1995-09-23,PA28-151,N40857,ACK-OWD,,1.3,1,0,0,0,0,0,0,1.3,0,1.3,0,0,0,
1995-09-25,PA28-151,N40857,OWD-PVD-OWD,,2.3,2,0,1.1,0.8,4,0,0,0,0,1.2,0,2.3,0,"VOR, VOR/DME arc approaches, low approach, missed app. procedures"
1995-09-26,PA28-151,N40857,OWD-BED-OWD,,1.7,1,0,1.3,0,5,0,0,0,0,0.4,0,1.7,0,"3 NDB, 2 ILS, partial panel"
1995-10-04,C150J,N50837,KOA-LCL,,0.6,4,0,0,0,0,0,0,0,0,0.6,0,0.6,0,"Hawaii; check out flight, touch and gos"
1995-10-04,C150J,N50837,KOA-ITO,,1.5,1,0,0,0,0,0,0,1.5,0,1.5,0,0,0,Volcano sightseeing
1995-10-04,C150J,N50837,ITO-UPP-MUE-KOA,,2.5,3,0,0,0,0,0,0,2.5,0,2.5,0,0,0,"Upolu, Waimea; beach & canyon hopping in Hawaii"
1995-10-10,PA28-151,N40857,OWD-ACK,,1,0,1,0,0,0,1,0,1,0,1,0,0,0,
1995-10-10,PA28-151,N40857,ACK-OWD,,1,0,1,0,0,0,1,0,1,0,1,0,0,0,Right seat practice
1995-10-12,PA28-151,N40857,OWD-2B4,,0.6,1,0,0,0,0,0,0,0,0,0.6,0,0,0,Visiting Bruce at RWU
1995-10-12,PA28-151,N40857,2B4-LCL,,0.4,0,1,0,0,0,0.4,0,0,0,0.4,0,0,0,Quick hop w/Bruce & John
1995-10-12,PA28-151,N40857,2B4-OWD,,0.6,0,1,0,0,0,0.6,0,0,0,0.6,0,0,0,
1995-10-13,PA28-151,N40857,OWD-HYA,,0.7,0,1,0,0,0,0.7,0,0,0,0.7,0,0,0,Adam
1995-10-13,PA28-151,N40857,HYA-OWD,,0.8,0,1,0,0,0,0.8,0,0,0,0.8,0,0,0,
1995-10-14,PA28-151,N40857,OWD-2B4,,0.7,1,0,0,0,0,0,0,0,0,0.7,0,0,0,Newport State to pick up Bruce
1995-10-14,PA28-151,N40857,2B4-OWD,,0.5,1,0,0,0,0,0,0,0,0,0.5,0,0,0,
1995-10-19,PA28-151,N40857,OWD-TEB,,1.7,0,1,0,0,0,1.4,0,1.7,0,1.7,0,0,0,NY city adventure
1995-10-20,PA28-151,N40857,TEB-PYM,,2.6,0,1,0,0,3,2.6,0,2.6,0,2.6,0,0,0,"Missed approaches at OWD & 1B9, fogged in at Plymouth, slept in a car"
1995-10-20,PA28-151,N40857,PYM-1B9,,0.5,1,0,0,0,0,0,0,0,0,0.5,0,0,0,"Mansfield on the way back, barely VFR"
1995-10-20,PA28-151,N40857,1B9-OWD,,0.5,1,0,0,0,0,0,0,0,0,0.5,0,0,0,Special VFR into OWD
1995-10-22,PA28-151,N40857,OWD-RUT,,1.5,1,0,0,0,0,0,0,1.5,0,1.5,0,0,0,"Rutland, VT"
1995-10-22,PA28-151,N40857,RUT-OWD,,1.3,0,1,0,0,0,0.7,0,1.3,0,1.3,0,0,0,Beacon out of service
1995-10-26,PA28-151,N40857,OWD-1B9-OWD,,0.8,0,2,0,0,0,0.8,0,0,0,0.8,0,0,0,"New panel lights, testing"
1995-10-31,PA28-151,N40857,OWD-MA07-OWD,,0.5,2,0,0,0,0,0,0,0,0,0.5,0,0,0,"Warm-up for oil change, CARB ICE on takeoff"
1995-11-04,PA28-151,N40857,OWD-MA07-1B6-OWD,,1.2,5,0,0,0,0,0,0,0,0,1.2,0,0,0,"Wind shear, short field ops"
1995-11-10,PA28-151,N40857,OWD-PWM,,1,0,1,0,0,0,1,0,1,0,1,0,0,0,"Dinner in Portland, ME w/Bruce & Adam"
1995-11-10,PA28-151,N40857,PWM-OWD,,1.7,0,1,0,0,0,1.7,0,1.7,0,1.7,0,0,0,
1995-11-17,PA28-151,N40857,OWD-PVD,,0.8,0,1,0,0,0,0.8,0,0,0,0.8,0,0,0,Fuel stop w/Dave W. & Adam
1995-11-17,PA28-151,N40857,PVD-TEB,,1.7,0,1,0,0,0,1.7,0,1.7,0,1.7,0,0,0,NY city run
1995-11-18,PA28-151,N40857,TEB-OWD,,1.6,0,1,0,0,0,1.6,0,1.6,0,1.6,0,0,0,
1995-11-22,PA28-151,N40857,OWD-PWM,,1.3,0,1,0,0,0,1.3,0,1.3,0,1.3,0,0,0,Business dinner w/Pax
1995-11-22,PA28-151,N40857,PWM-OWD,,1.3,0,1,0,0,0,1.3,0,1.3,0,1.3,0,0,0,
1995-12-18,PA28-151,N40857,OWD-TEB,,1.9,1,0,0,0,0,0,0,1.9,0,1.9,0,0,0,NY city w/Pax
1995-12-18,PA28-151,N40857,TEB-OWD,,2,0,1,0,0,0,2,0,2,0,2,0,0,0,"Picked up Ramin, return to OWD"
1996-01-14,PA28-151,N40857,OWD-FIT-OWD,,1.3,3,0,0,0,0,0,0,0,0,1.3,0,0,0,"Touch & gos at FIT, misc. maneuvers"
1996-01-20,PA28-151,N40857,OWD-21N,,1.2,1,0,0,0,0,0,0,1.2,0,1.2,0,0,0,Mattituck w/Bruce & Kym
1996-01-20,PA28-151,N40857,21N-BDR-HVN-3B9-IJD-OWD,,2.1,0,5,0,0,0,0.4,0,2.1,0,2.1,0,0,0,Short field landings and takeoffs
1996-01-21,PA28-151,N40857,OWD-EWB-OWD,,1.7,3,0,0,0,3,0,0,0,0,1.7,0,0,0,"ILS, NDB 5 at New Bedford, practice approaches"
1996-01-23,PA28-151,N40857,OWD-SFZ-OWD,,1.4,1,0,0.2,1,3,0,0,0,0,1.4,0,1.4,0,"2 VOR, 1 NDB apps; flight planning, communications, clearances"
1996-01-25,PA28-151,N40857,OWD-1B9-OWD,,1.3,1,0,0,1.1,2,0,0,0,0,1.3,0,1.3,0,"VOR holds, NDB holds, NDB app, timed turns, partial panel, compass turns"
1996-01-28,PA28-151,N40857,OWD-1B9-PVD-OWD,,1.8,2,0,0,1.6,4,0,0,0,0,1.8,0,1.8,0,"NDB holds & apps, VOR app"
1996-01-30,PA28-151,N40857,OWD-MHT,,0.8,1,0,0,0,1,0,0,0,0,0.8,0,0,0,Practice ILS 35
1996-01-30,PA28-151,N40857,MHT-GDM-FIT-OWD,,1.2,0,2,0,0,0,1.2,0,0,0,1.2,0,0,0,"No lights at GDM, PCL out"
1996-02-01,PA28-151,N40857,OWD-EWB-OWD,,1.2,1,0,0,1,3,0,0,0,0,1.2,0,1.2,0,"ILS, 2 NDB approaches"
1996-02-04,PA28-151,N40857,OWD-HYA-EWB-TAN-PVD-SFZ-OWD,,3.2,3,0,0.7,2,9,0,0,0,0,3.2,0,3.2,0,"ILS, VOR, LOC BC, NDB, IFR clearances"
1996-02-04,PA28-151,N40857,OWD-BVY-LWM,,0.8,2,0,0,0,0,0,0,0,0,0.8,0,0,0,fuel stop
1996-02-04,PA28-151,N40857,LWM-B09-6B6-GDM-3B0-MA08-OWD,,2.2,6,0,0,0,0,0,0,0,0,2.2,0,0,0,"Local hops, stalls, short field ops"
1996-02-06,PA28-151,N40857,OWD-PSM-PWM-SFM-CON-MHT-OWD,,3.5,3,0,0,3,6,0,0,3.5,0,3.5,0,3.5,0,"VOR, NDB, ILS apps; IFR clearances, app & dep communications, VOR tracking, radar vectors"
1996-02-07,PA28-151,N40857,OWD-PVD-OWD,,1.7,2,0,0,1,3,0,0,0,0,1.7,0,1.7,0,"ILS, VOR, LOC approaches, circle to land"
1996-02-10,PA28-151,N40857,OWD-BDL,,1,1,0,0,0,0,0,0,1,0,1,0,0,0,National Air Museum
1996-02-10,PA28-151,N40857,BDL-3B2-MA02-OWD,,1.7,0,4,0,0,0,0.5,0,1.7,0,1.7,0,0,0,Short field ops
1996-02-26,PA28-151,N40857,OWD-1B9-OWD,,0.9,0,2,0,0,0,0.9,0,0,0,0.9,0,0,0,Mike & Karen
1996-02-28,PA28-151,N40857,OWD-EEN,,1,0,1,0,0,0,0.6,0,1,0,1,0,0,0,(actually 2/29/95) Adam
1996-02-28,PA28-151,N40857,EEN-OWD,,0.7,0,1,0,0,0,0.7,0,0.7,0,0.7,0,0,0,
1996-03-13,PA28-151,N40857,OWD-BDR,,1.3,1,0,0,0,0,0,0,1.3,0,1.3,0,0,0,
1996-03-13,PA28-151,N40857,BDR-GON-OWD,,1.5,2,0,0,0,0,0,0,1.5,0,1.5,0,0,0,
1996-03-22,PA28-151,N40857,OWD-BED-MA07-HYA,,1.6,3,0,0,0,0,0,0,1.6,0,1.6,0,0,0,
1996-03-22,PA28-151,N40857,HYA-OWD,,0.9,0,2,0,0,0,0.9,0,0.9,0,0.9,0,0,0,"Touch & go, x-wind landings"
1996-03-23,PA28-151,N40857,OWD-BTV,,2.2,1,0,0,0,0,0,0,2.2,0,2.2,0,0,0,Robin
1996-03-23,PA28-151,N40857,BTV-PLB-BTV,,1,2,0,0,0,0,0,0,0,0,1,0,0,0,Robin's first flight
1996-03-24,PA28-151,N40857,BTV-OWD,,1.4,1,0,0,0,0,0,0,1.4,0,1.4,0,0,0,
1996-03-26,PA28-151,N40857,OWD-LCL,,0.4,2,0,0,0,0,0,0,0,0,0.4,0,0,0,Warm-up for oil change
1996-03-26,PA28-151,N40857,OWD-1B9,,0.6,0,1,0,0,0,0.6,0,0,0,0.6,0,0,0,Comet watching w/Adam
1996-03-26,PA28-151,N40857,1B9-PVD,,0.5,0,1,0,0,0,0.5,0,0,0,0.5,0,0,0,Fuel stop
1996-03-26,PA28-151,N40857,PVD-OWD,,0.6,0,1,0,0,0,0.6,0,0,0,0.6,0,0,0,
1996-03-28,PA28-151,N40857,OWD-1B9-OWD,,1.5,10,0,0,0,0,0,0,0,0,1.5,0,0,0,"X-wind landings, short field landings"
1996-03-30,PA28-151,N40857,OWD-MA02-3B2-PVC-ACK,,1.5,0,4,0,0,0,0.3,0,1.5,0,1.5,0,0,0,Short field landings
1996-03-30,PA28-151,N40857,ACK-OWD,,1.1,0,1,0,0,0,1.1,0,1.1,0,1.1,0,0,0,
1996-03-31,PA28-151,N40857,OWD-7B2,,1,1,0,0,0,0,0,0,1,0,1,0,0,0,North Hampton for skydiving info
1996-03-31,PA28-151,N40857,7B2-2B6,,0.6,1,0,0,0,0,0,0,0,0,0.6,0,0,0,Sandwich run in North Adams
1996-03-31,PA28-151,N40857,2B6-PSF-GBR-BAF-0BF-PMX-8B5-OWD,,2.5,7,0,0,0,0,0,0,2.5,0,2.5,0,0,0,Short field ops
1996-04-03,PA28-151,N40857,OWD-BOS,,0.9,0,2,0,0,0,0.9,0,0,0,0.9,0,0,0,"1 touch & go at OWD, 1 landing at BOS"
1996-04-03,PA28-151,N40857,BOS-OWD,,0.4,0,1,0,0,0,0.4,0,0,0,0.4,0,0,0,
1996-04-04,PA28-151,N40857,OWD-1B9-OWD,,1.4,3,0,0,1.1,3,0,0,0,0,1.4,0,1.4,0,"Uncontrolled field clearance on the ground, NDB apps, LOC app, holds"
1996-04-04,PA28-151,N40857,OWD-ACK,,0.9,0,1,0,0,0,0.9,0,0.9,0,0.9,0,0,0,"Mike & Adam, house shopping for Agents, Inc."
1996-04-04,PA28-151,N40857,ACK-OWD,,1.1,0,1,0,0,0,1.1,0,1.1,0,1.1,0,0,0,
1996-04-12,PA28-151,N40857,OWD-EWB-OWD,,1.9,3,0,0,0,5,0,0,0,0,1.9,0,0,0,"LOC BC, NDB, ILS 5/23, holds, practice approaches"
1996-04-13,PA28-151,N40857,OWD-SFZ-PVD-TAN-EWB,,2.4,1,0,0,2,6,0,0,0,0,2.4,0,2.4,0,"VOR, ILS, NDB apps, LOC BC, partial panel"
1996-04-13,PA28-151,N40857,EWB-TAN-OWD,,0.8,1,0,0,0.6,1,0,0,0,0,0.8,0,0.8,0,"NDB holds, LOC app, circle to land"
1996-04-13,PA28-151,N40857,OWD-BTV,,1.6,1,0,0,0,0,0,0,1.6,0,1.6,0,0,0,Robin
1996-04-15,PA28-151,N40857,BTV-OWD,,1.8,1,0,0,0,0,0,0,1.8,0,1.8,0,0,0,
1996-04-15,PA28-151,N40857,OWD-BTV,,1.6,1,0,0,0,0,0,0,1.6,0,1.6,0,0,0,
1996-04-16,PA28-151,N40857,BTV-OWD,,1.8,0,1,0,0,0,1.8,0,1.8,0,1.8,0,0,0,Night flight w/icing
1996-04-18,PA28-151,N40857,OWD-TAN-OWD,,1.1,1,0,0,0.9,2,0,0,1.1,0,1.1,0,1.1,0,"NDB tracking, holding approaches (NDB, LOC)"
1996-04-18,PA28-151,N40857,OWD-PSM-BED-OWD,,2.1,4,0,0,0,0,0,0,2.1,0,2.1,0,0,0,Right seat practice
1996-04-19,PA28-151,N40857,OWD-PVD-2B4-OWD,,2.1,6,0,0,1.8,6,0,0,0,0,2.1,0,2.1,0,"Approaches, radar vectors, full approach, circle to land, emerg. procedures"
1996-04-20,PA28-151,N40857,OWD-7B2,,1,1,0,0,0,0,0,0,1,0,1,0,0,0,Skydiving at North Hampton
1996-04-20,PA28-151,N40857,7B2-OWD,,0.8,1,0,0,0,0,0,0,0.8,0,0.8,0,0,0,
1996-04-21,PA28-151,N40857,OWD-MTP,,1,1,0,0,0,0,0,0,1,0,1,0,0,0,Montauk Point
1996-04-21,PA28-151,N40857,MTP-BID-MVY-OWD,,1.7,3,0,0,0,0,0,0,1.7,0,1.7,0,0,0,
1996-04-22,PA28-151,N40857,OWD-HYA-PVC-BEV-OWD,,2.4,4,0,0,0,0,0,0,2.4,0,2.4,0,0,0,Sightseeing w/Mike
1996-04-25,PA28-151,N40857,OWD-BED-OWD,,1.2,1,0,0,1,3,0,0,0,0,1,0,1,0,"Approaches, ILS, missed app., LOC approach, circle to land"
1996-04-25,PA28-151,N40857,OWD-MVY,,1,0,1,0,0,0,1,0,1,0,1,0,0,0,Sue & Joanne
1996-04-26,PA28-151,N40857,MVY-OWD,,0.7,1,0,0,0,0,0,0,0.7,0,0.7,0,0,0,
1996-04-27,PA28-151,N40857,OWD-BTV,,1.9,1,0,0,0,0,0,0,1.9,0,1.9,0,0,0,Robin
1996-04-27,PA28-151,N40857,BTV-LCL,,0.5,1,0,0,0,0,0,0,0,0,0.5,0,0,0,Sightseeing w/Robin
1996-04-29,PA28-151,N40857,BTV-OWD,,1.7,1,0,0,0,0,0,0,1.7,0,1.7,0,0,0,
1996-05-01,PA28-151,N40857,OWD-MVY-1B2,,0.8,2,0,0,0,0,0,0,0.8,0,0.8,0,0,0,Yezdi
1996-05-01,PA28-151,N40857,1B2-OWD,,1.1,1,0,0,0,0,0,0,1.1,0,1.1,0,0,0,
1996-05-05,PA28-151,N40857,OWD-TEB,,1.7,1,0,0,0,0,0,0,1.7,0,1.7,0,0,0,Meeting in NY
1996-05-05,PA28-151,N40857,TEB-OWD,,1.7,0,1,0,0,0,0.5,0,1.7,0,1.7,0,0,0,
1996-05-09,PA28-151,N40857,OWD-BTV,,1.6,1,0,0,0,0,0,0,1.6,0,1.6,0,0,0,Robin
1996-05-13,PA28-151,N40857,BTV-OWD,,1.7,1,0,0,0,0,0,0,1.7,0,1.7,0,0,0,
1996-05-14,PA28-151,N40857,OWD-ACY,,2.4,1,0,0,0,0,0,0,2.4,0,2.4,0,0,0,Atlantic City w/Adam
1996-05-15,PA28-151,N40857,ACY-OWD,,2.5,1,0,0,0,0,0,0,2.5,0,2.5,0,0,0,
1996-05-17,PA28-151,N40857,OWD-BTV,,1.8,1,0,0,0,0,0,0,1.8,0,1.8,0,0,0,Robin's graduation
1996-05-17,PA28-151,N40857,BTV-MPV-MVL-BTV,,1.3,0,3,0,0,0,0.9,0,0,0,1.3,0,0,0,Night flight w/Robin
1996-05-20,PA28-151,N40857,BTV-OWD,,1.5,1,0,0,0,0,0,0,1.5,0,1.5,0,0,0,
1996-05-23,PA28-151,N40857,OWD-ACK,,0.8,0,1,0,0,0,0.1,0,0.8,0,0.8,0,0,0,Jason & Adam
1996-05-23,PA28-151,N40857,ACK-OWD,,1.1,0,1,0,0,0,1.1,0,1.1,0,1.1,0,0,0,
1996-05-25,PA28-151,N40857,OWD-LCL,,1.2,1,0,0,0,0,0,0,0,0,1.2,0,0,0,"12,500' climb"
1996-05-26,PA28-151,N40857,OWD-3B2,,0.4,1,0,0,0,0,0,0,0,0,0.4,0,0,0,Pick up Amy w/Robin & Betty
1996-05-26,PA28-151,N40857,3B2-PVC,,0.5,1,0,0,0,0,0,0,0,0,0.5,0,0,0,Visiting Robyn
1996-05-26,PA28-151,N40857,PVC-3B2,,0.4,1,0,0,0,0,0,0,0,0,0.4,0,0,0,Drop off Amy
1996-05-26,PA28-151,N40857,3B2-OWD,,0.5,0,1,0,0,0,0.5,0,0.5,0,0.5,0,0,0,
1996-05-27,PA28-151,N40857,OWD-MTP,,0.9,1,0,0,0,0,0,0,0.9,0,0.9,0,0,0,Montauk Point w/Robin
1996-05-27,PA28-151,N40857,MTP-OWD,,1,1,0,0,0,0,0,0,1,0,1,0,0,0,
1996-06-01,PA28-151,N40857,OWD-FIT,,0.5,1,0,0,0,0,0,0,0,0,0.5,0,0,0,Looking for planes for sale
1996-06-01,PA28-151,N40857,FIT-ASH,,0.4,1,0,0,0,0,0,0,0,0,0.4,0,0,0,Nashua for the simulator
1996-06-01,F-142,F-142,ASH-MHT-CON-ASH,,0,1,0,0,1.6,4,0,1.6,0,0,0,0,1.6,0,"IFR procedures; ILS, VOR, DME arcs"
1996-06-01,PA28-151,N40857,ASH-OWD,,0.8,4,0,0,0,0,0,0,0,0,0.8,0,0,0,"Touch & go, crosswind landings"
1996-06-06,PA28-151,N40857,OWD-1B9-PVD-OWD,,1.9,0,2,0,0,2,1.9,0,0,0,1.9,0,0,0,"Practice NDB, ILS approaches"
1996-06-11,PA28-151,N40857,OWD-PVD-OWD,,1.8,1,0,0.3,1.2,5,0,0,0,0,1.8,0,1.8,0,"IFR prep, x/c pros, missed approaches, ILS, VOR, LOC, circle to land"
1996-06-12,PA28-151,N40857,OWD-MVY-OWD,,1.9,1,0,0.3,1.3,2,0,0,1.9,0,1.9,0,1.9,0,"X/C pros, ILS to minimums, LOC"
1996-06-12,PA28-151,N40857,OWD-LCL,,1.1,2,0,0,0,0,0,0,0,0,1.1,0,0,0,"PVC went IFR, touch and gos at OWD"
1996-06-14,PA28-151,N40857,OWD-PVD-OWD,,2,1,0,0,1.7,2,0,0,0,0,2,0,0,0,Instrument Pilot Flight Test
1996-06-15,PA28-151,N40857,OWD-MVY,,0.9,1,0,0.4,0,0,0,0,0.9,0,0.9,0,0,0,Adam
1996-06-16,PA28-151,N40857,MVY-OWD,,0.8,1,0,0,0,0,0,0,0.8,0,0.8,0,0,0,
1996-06-17,PA28-151,N40857,OWD-MVY,,0.8,0,1,0.8,0,1,0.8,0,0.8,0,0.8,0,0,0,Upendra
1996-06-19,PA28-151,N40857,MVY-OWD,,0.8,1,0,0.3,0,0,0,0,0.8,0,0.8,0,0,0,
1996-06-19,PA28-151,N40857,OWD-ACY,,3,0,1,3,0,1,2.3,0,3,0,3,0,0,0,Atlantic City w/Sue & Adam
1996-06-20,PA28-151,N40857,ACY-OWD,,2.7,1,0,2.7,0,1,0,0,2.7,0,2.7,0,0,0,
1996-06-21,PA28-151,N40857,OWD-BWI,,3.4,1,0,0.5,0,0,0,0,3.4,0,3.4,0,0,0,Baltimore w/Carl for Julie's wedding
1996-06-22,PA28-151,N40857,BWI-FDK,,0.7,1,0,0,0,0,0,0,0,0,0.7,0,0,0,Lunch w/Emily
1996-06-22,PA28-151,N40857,FDK-BWI,,0.7,1,0,0,0,0,0,0,0,0,0.7,0,0,0,
1996-06-23,PA28-151,N40857,BWI-OWD,,3.3,1,0,0,0,0,0,0,3.3,0,3.3,0,0,0,
1996-06-28,PA28-151,N40857,OWD-UUU,,0.5,1,0,0,0,0,0,0,0,0,0.5,0,0,0,Newport State w/Alexandra & Adam
1996-06-28,PA28-151,N40857,UUU-OWD,,0.6,0,1,0,0,0,0.6,0,0,0,0.6,0,0,0,
1996-06-29,PA28-151,N40857,OWD-BHB,,2.1,1,0,0,0,0,0,0,2.1,0,2.1,0,0,0,Bar Harbor w/Robin
1996-06-30,PA28-151,N40857,BHB-OWD,,2.6,1,0,1.5,0,0,0,0,2.6,0,2.6,0,0,0,
1996-07-05,PA28-151,N40857,OWD-PVC,,0.6,1,0,0,0,0,0,0,0,0,0.6,0,0,0,Beach w/Mom
1996-07-05,PA28-151,N40857,PVC-OWD,,0.7,1,0,0,0,0,0,0,0,0,0.7,0,0,0,
1996-07-06,PA28-151,N40857,OWD-6B6-MVY,,1.5,2,0,0,0,0,0,0,1.5,0,1.5,0,0,0,"Picked up Mom in Stow, then to Martha's Vineyard w/Robin"
1996-07-07,PA28-151,N40857,MVY-OWD,,0.9,1,0,0,0,0,0,0,0.9,0,0.9,0,0,0,
1996-07-10,PA28-151,N40857,OWD-MA07-OWD,,1.2,8,0,0,0,0,0,0,0,0,1.2,0,0,0,"Sightseeing over YMCA camp, practice at Norfolk"
1996-07-20,PA28-151,N40857,OWD-MVY,,0.7,1,0,0,0,0,0,0,0.7,0,0.7,0,0,0,Food party run
1996-07-22,PA28-151,N40857,MVY-OWD,,0.8,1,0,0,0,0,0,0,0.8,0,0.8,0,0,0,"Karen, Mark, Fumi"
1996-07-25,PA28-151,N40857,OWD-BDL-PVD-OWD,,2.6,3,0,2.2,0,3,0,0,2.6,0,2.6,0,0,0,IFR currency flight
1996-07-27,PA28-151,N40857,OWD-ISP,,1.7,1,0,0,0,0,0,0,1.7,0,1.7,0,0,0,"Ned & Lisa, Islip"
1996-07-27,PA28-151,N40857,ISP-OWD,,1.4,1,0,0,0,0,0,0,1.4,0,1.4,0,0,0,
1996-07-27,PA28-151,N40857,OWD-BED,,0.4,1,0,0,0,0,0,0,0,0,0.4,0,0,0,Showing 857 to Woods
1996-07-27,PA28-151,N40857,BED-LCL,,0.9,1,0,0,0,0,0,0,0,0,0.9,0,0,0,Demo flight
1996-07-27,PA28-151,N40857,BED-OWD,,0.4,1,0,0,0,0,0,0,0,0,0.4,0,0,0,
1996-07-29,PA28-151,N40857,OWD-MA07-OWD,,0.6,2,0,0,0,0,0,0,0,0,0.6,0,0,0,Warm-up for oil change
1996-07-30,PA28-151,N40857,OWD-PVD,,0.6,1,0,0.5,0,2,0,0,0,0,0.6,0,0,0,"IFR currency, ILS, VOR/DME"
1996-07-30,PA28-151,N40857,PVD-OWD,,0.6,1,0,0.5,0,1,0,0,0,0,0.6,0,0,0,"Loc 35, circle to land 17"
1996-08-02,PA28-151,N40857,OWD-MVL,,1.9,1,0,1.2,0,0,0,0,1.9,0,1.9,0,0,0,"Stowe, VT w/Robin"
1996-08-04,PA28-151,N40857,MVL-MPV,,0.4,1,0,0,0,0,0,0,0,0,0.4,0,0,0,Horn in the Moon Cafe w/Robin
1996-08-04,PA28-151,N40857,MPV-OWD,,1.5,1,0,1,0,0,0,0,1.5,0,1.5,0,0,0,
1996-08-09,PA28-151,N40857,OWD-UUU,,0.8,0,1,0.5,0,0,0.8,0,0,0,0.8,0,0,0,Newport w/Mikko & Adam
1996-08-10,PA28-151,N40857,UUU-OWD,,0.8,0,1,0,0,0,0.8,0,0,0,0.8,0,0,0,
1996-08-15,PA28-151,N40857,OWD-CQX,,0.9,1,0,0,0,0,0,0,0.9,0,0.9,0,0,0,Seeing John in Chatham w/Pax
1996-08-16,PA28-151,N40857,CQX-OWD,,0.8,0,1,0.6,0,0,0.8,0,0.8,0,0.8,0,0,0,
1996-08-31,PA28-151,N40857,OWD-AQW,,1.3,1,0,0,0,0,0,0,1.3,0,1.3,0,0,0,North Adams
1996-08-31,PA28-151,N40857,AQW-OWD,,1.5,7,0,0,0,0,0,0,1.5,0,1.5,0,0,0,Touch & gos
1996-09-03,PA28-151,N40857,OWD-MTP,,1.2,1,0,1,0,0,0,0,1.2,0,1.2,0,0,0,Ditch Plain
1996-09-03,PA28-151,N40857,MTP-OWD,,1.2,1,0,0.8,0,0,0,0,1.2,0,1.2,0,0,0,
1996-09-11,PA28-151,N40857,OWD-HYA,,0.8,0,1,0,0,0,0.8,0,0.8,0,0.8,0,0,0,Hyannis w/Adam
1996-09-11,PA28-151,N40857,HYA-OWD,,0.7,0,1,0,0,0,0.7,0,0.7,0,0.7,0,0,0,
1996-09-19,PA28-151,N40857,OWD-ACK,,0.9,1,0,0,0,0,0,0,0.9,0,0.9,0,0,0,Lunch
1996-09-19,PA28-151,N40857,ACK-OWD,,1.1,2,0,0,0,0,0,0,1.1,0,1.1,0,0,0,Touch and go
1996-09-20,PA28-151,N40857,OWD-BED,,0.4,1,0,0,0,0,0,0,0,0,0.4,0,0,0,Pick up Woods for pre-purchase
1996-09-20,PA28-151,N40857,BED-WST,,0.9,1,0,0,0,0,0,0,0.9,0,0,0,0,0,Woods flying to Westerly for pre-purchase
1996-09-20,PA28-151,N40857,WST-BED,,0.9,1,0,0,0,0,0,0,0.9,0,0.9,0,0,0,
1996-09-20,PA28-151,N40857,BED-OWD,,0.4,1,0,0,0,0,0,0,0,0,0.4,0,0,0,
1996-09-23,PA28-151,N40857,OWD-LCL,,1.3,2,0,0,0,0,0,0,0,0,1.3,0,0,0,Boston sightseeing w/Mike
1996-09-24,PA28-151,N40857,OWD-FIT-9B1-OWD,,1.2,4,0,0,0,0,0,0,0,0,1.2,0,0,0,Short field ops
1996-10-03,PA28-151,N40857,OWD-LCL,,0.5,2,0,0,0,0,0,0,0,0,0.5,0,0,0,Final flight in N40857
1996-11-05,C172P,N65644,SNA-LCL,,1,1,0,0,0,0,0,0,0,0,1,0,1,0,Familiarization flight
1996-11-06,C172N,N738RT,SNA-LGB-FUL-SNA,,1.9,4,0,0,0,0,0,0,1.9,0,1.9,0,1.9,0,Check out complete
1996-11-09,C172N,N738RT,SNA-RAL-SBD-CNO-SNA,,1.6,5,0,0,0,0,0,0,0,0,1.6,0,0,0,Familiarization with area
1997-01-09,C172N,N738RT,SNA-OXR,,1,1,0,0,0,0,0,0,1,0,1,0,0,0,LA shoreline transition
1997-01-09,C172N,N738RT,OXR-SNA,,1,1,0,0,0,0,0,0,1,0,1,0,0,0,LA shoreline transition
1997-01-21,C172N,N738RT,SNA-OXR,,1.3,1,0,1.1,0,0,0,0,1.3,0,1.3,0,0,0,IFR
1997-01-21,C172N,N738RT,OXR-SNA,,1,1,0,0.9,0,0,0,0,1,0,1,0,0,0,
1997-02-08,C172N,N738RT,SNA-LCL,,0.9,1,0,0,0,0,0,0,0,0,0.9,0,0,0,Sightseeing along coast
1997-02-13,C172N,N738RT,SNA-LCL,,0.7,1,0,0,0,0,0,0,0,0,0.7,0,0,0,Sightseeing flight w/Dad
1997-04-05,PA28-161,N4299L,OWD-LCL,,0.3,1,0,0,0,9,0,0,0,0,0.3,0,0.3,0,Check out at ADS in Norwood which sucked
1997-04-05,PA28-161,N4299L,OWD-ACK,,1,1,0,0,0,0,0,0,1,0,1,0,0,0,Nantucket w/Kerry & Adam
1997-04-05,PA28-161,N4299L,ACK-OWD,,1,1,0,0,0,0,0,0,1,0,1,0,0,0,
1997-05-05,PA28-161,N2525Y,SNA-AVX,,0.6,1,0,0,0,0,0,0,0,0,0.6,0,0,0,Catalina & Warrior check out at OCFC
1997-05-05,PA28-161,N2525Y,AVX-SNA,,0.6,1,0,0,0,0,0,0,0,0,0.6,0,0,0,No flap landing
1997-05-08,PA28-161,N2525Y,SNA-AVX,,0.7,1,0,0,0,0,0,0,0,0,0.7,0,0,0,Lunch w/Damion
1997-05-08,PA28-161,N2525Y,AVX-FUL-SNA,,1.2,2,0,0,0,0,0,0,0,0,1.2,0,0,0,"Stalls, turns, etc."
1997-06-29,PA28-161,N4318Y,SNA-AJO-CCB-SNA,,1.2,3,0,0,0,0,0,0,0,0,1.2,0,0,0,"Uncontrolled fields, handoffs, etc."
1997-07-03,C172RG,N6239V,SNA-LCL,,1,1,0,0,0,0,0,0,0,0,0,0,1,0,"Complex a/c familiarization, gaits, stage 7 lesson 1"
1997-07-07,C172RG,N6239V,SNA-LCL,,1.3,1,0,0,0,0,0,0,0,0,0,0,1.3,0,"Stall series, slow flight, emerg. gear extension"
1997-07-07,C172RG,N6239V,SNA-LCL,,0.9,7,0,0,0,0,0,0,0,0,0,0,0.9,0,"Short & soft t/o's & landings, forward slips"
1997-07-09,C172RG,N6239V,SNA-LCL,,1.5,3,0,0,0,0,0,0,0,0,0,0,1.5,0,"S-turns, 8's on pylons, emerg. proc., no-flap landings"
1997-07-11,C172RG,N6239V,SNA-LCL,,0.9,1,0,0,0,0,0,0,0,0,0.9,0,0.9,0,"Chandelles, 50-degree steep turns"
1997-07-16,C172RG,N6239V,SNA-LCL,,1.2,1,0,0,0,0,0,0,0,0,1.2,0,1.2,0,"Chandelle, lazy 8, simulated engine out"
1997-07-21,C172RG,N6239V,SNA-LGB-FUL-SNA,,1.3,3,0,0,1,3,0,0,1.3,0,1.3,0,1.3,0,"ILS SNA, ILS LGB, VOR FUL"
1997-07-23,C172RG,N6239V,SNA-LCL,,1.2,3,0,0,0,0,0,0,0,0,1.2,0,1.2,0,"Chandelles, lazy 8s, emergencies"
1997-07-31,C172RG,N6239V,SNA-LCL,,1.2,2,0,0,0,0,0,0,0,0,1.2,0,0,0,"Commercial maneuver practice, lazy 8s, chandelles, steep turns, stalls"
1997-07-31,C172RG,N6239V,SNA-FUL-POC-SNA,,1.1,0,3,0,0,0,1.1,0,1.1,0,1.1,0,1.1,0,Night cross country
1997-08-09,C172RG,N6239V,SNA-RAL-SNA,,2,4,0,0,0,0,0,0,2,0,2,0,2,0,"Lazy 8s, chandelles, pilotage, dead reckoning, unusual attitudes"
1997-08-10,AST-300,300AS,SNA-FUL-RAL,,0,1,0,0,1,3,0,1,0,0,0,0,1,0,"ICC: simulated vac & pitot failures, holds"
1997-08-11,C172RG,N6239V,SNA-LGB-SNA,,2,4,0,0,0,2,0,0,0,0,2,0,2,0,"Stage 3 check, LDA"
1997-08-12,C172RG,N6239V,SNA-SBA-SNA,,2.4,0,2,0,0,0,2.4,0,2.4,0,2.4,0,2.4,0,"Dead reckoning, VOR nav, night x-country, sim. control failure"
1997-08-13,C172RG,N6239V,SNA-LCL,,1.4,1,0,0.1,0,0,0,0,0,0,1.4,0,1.4,0,"Lazy 8s, chandelles, eights on pylons"
1997-08-14,C172RG,N6239V,SNA-RAL,,0.7,1,0,0.6,0,1,0,0,0,0,0.7,0,0,0,Flight to commercial exam
1997-08-14,C172RG,N6239V,RAL-RAL,,1.2,4,0,0,0,0,0,0,0,0,1.2,0,0,0,Commercial ASEL Flight Test
1997-08-14,C172RG,N6239V,RAL-SNA,,0.5,1,0,0,0,0,0,0,0,0,0.5,0,0,0,
1997-08-26,C172RG,N6239V,SNA-LCL,,1.1,1,0,0,0,0,0,0,0,0,1.1,0,0,0,Practice maneuvers
1997-09-09,8KCAB,N5048T,SNA-LCL,,1.1,1,0,0,0,0,0,0,0,0,0,0,1.1,0,"Stalls, MCA, spins, dutch rolls"
1997-09-09,PA28-161,N4318Y,SNA-AVX,,0.7,1,0,0,0,0,0,0,0,0,0.7,0,0,0,Lunch w/Jon
1997-09-09,PA28-161,N4318Y,AVX-SNA,,0.5,1,0,0,0,0,0,0,0,0,0.5,0,0,0,
1997-09-20,8KCAB,N5048T,SNA-LCL,,1.3,1,0,0,0,0,0,0,0,0,0,0,1.3,0,"Spins, aileron rolls, unusual attitudes"
1997-09-22,8KCAB,N5048T,SNA-LCL,,1.1,1,0,0,0,0,0,0,0,0,0,0,1.1,0,"Loops, unusual attitudes"
1997-09-29,8KCAB,N5048T,SNA-LCL,,1.2,1,0,0,0,0,0,0,0,0,0,0,1.2,0,"Loops, cuban 4s"
1997-10-01,BE76,N110SU,SNA-LCL,,1.3,1,0,0.3,0,1,0,0,0,0,0,0,1.3,0,"Airplane famil., steep turns, MCA, power on, power off, ILS"
1997-10-03,AST-300,300AS,SNA-LCL,,0,1,0,0,0,0,0,0.6,0,0,0,0,0.6,0,"Multi-engine failures, power on, power off, drag demo"
1997-10-04,8KCAB,N5048T,SNA-LCL,,1.2,2,0,0,0,0,0,0,0,0,0,0,1.2,0,"Cuban 4s, loops"
1997-10-06,AST-300,300AS,SNA-LCL,,0,1,0,0,1,2,0,1,0,0,0,0,1,0,"Multi: MCA, power on & off stall, drag demo, Vmc demo, single engine approaches"
1997-10-16,BE76,N110SU,SNA-LCL,,1.4,4,0,0,0,0,0,0,0,0,0,0,1.4,0,"MCA, power off, power on stall, short field t/o, pattern work"
1997-10-17,PA28-161,N43248,SNA-AVX,,0.6,1,0,0,0,0,0,0,0,0,0.6,0,0,0,Lunch w/Rick B.
1997-10-17,PA28-161,N43248,AVX-FUL-SNA,,0.9,2,0,0,0,0,0,0,0,0,0.9,0,0,0,Touch & go at FUL
1997-10-22,BE76,N110SU,SNA-LCL,,1.1,1,0,0,0,1,0,0,0,0,0,0,1.1,0,"Vmc demo, steep turns, emergency descent, ILS, single engine, airstart"
1997-10-24,8KCAB,N5048T,SNA-LCL,,1.2,4,0,0,0,0,0,0,0,0,0,0,1.2,0,3 point landings
1997-10-30,BE76,N110SU,SNA-CNO-SNA,,2,1,0,0,1.7,5,0,0,0,0,0,0,2,0,"Single engine approaches, VOR, ILS"
1997-11-03,BE76,N110SU,SNA-CNO-SNA,,2.1,1,0,0,1.7,3,0,0,0,0,0,0,2.1,0,"All multi-engine maneuvers, single engine approaches, ILS, VOR"
1997-11-08,8KCAB,N5062E,SNA-LCL,,1,0,6,0,0,0,0.2,0,0,0,0,0,1,0,"3 point, wheel landings"
1997-11-09,8KCAB,N5062E,SNA-LCL,,1.1,0,6,0,0,0,0.3,0,0,0,0,0,1.1,0,"3 point, wheel landings, skips & bounces"
1997-11-12,BE76,N110SU,SNA-CNO-SNA,,2.2,1,0,0,1.2,4,0,0,0,0,0,0,2.2,0,"All multi-engine maneuvers, VOR, ILS, single engine appr., engine shutdown"
1997-11-13,BE76,N110SU,SNA-RAL-CNO-SNA,,1.3,2,0,1.1,0,3,0,0,0,0,0,0,1.1,0,"IFR to RAL and CNO, single engine in IMC, excellent job"
1997-11-14,BE76,N110SU,SNA-RAL,,0.6,1,0,0,0,0,0,0,0,0,0.6,0,0,0,Flight to RAL for multi-engine flight test
1997-11-14,BE76,N110SU,RAL-CNO-RAL,,1.5,1,0,0,0.7,2,0,0,0,0,1.5,0,0,0,Multi-engine commercial instrument flight test
1997-11-14,BE76,N110SU,RAL-SNA,,0.4,1,0,0,0,0,0,0,0,0,0.4,0,0,0,
1997-11-23,8KCAB,N5062E,SNA-LCL,,1.1,1,0,0,0,0,0,0,0,0,0,0,1.1,0,"Aileron rolls, loops, cuban 4s"
1997-11-24,8KCAB,N5535K,SNA-LCL,,1.2,1,0,0,0,0,0,0,0,0,0,0,1.2,0,"Cuban 4s, immelmans"
1997-11-25,8KCAB,N5062E,SNA-LCL,,1,0,1,0,0,0,0.2,0,0,0,0,0,1,0,"Immelmans, split S's"
1997-12-01,8KCAB,N5062E,SNA-LCL,,1.4,1,0,0,0,0,0,0,0,0,0,0,1.4,0,"Immelmans, split S's"
1997-12-07,PA28-161,N2525Y,SNA-AVX-SNA,,1.4,1,0,1.2,0,3,0,0,0,0,1.4,0,0,0,"IFR flight to AVX, 2 VOR-A approaches, holds, alternate ILS"
1997-12-08,8KCAB,N5535K,SNA-LCL,,1,0,7,0,0,0,0.2,0,0,0,1,0,1,0,"X-wind landings, skips, bounces"
1997-12-12,8KCAB,N5535K,SNA-LCL,,1,1,0,0,0,0,0,0,0,0,1,0,1,0,"Review, barrel rolls, spins L & R"
1997-12-14,8KCAB,N5535K,SNA-LCL,,1,1,0,0,0,0,0,0,0,0,1,0,1,0,"Barrel rolls, unusual attitudes"
1997-12-15,PA28-161,N43248,SNA-AVX,,0.5,1,0,0,0,0,0,0,0,0,0.5,0,0,0,Lunch w/Julie & Christina
1997-12-15,PA28-161,N43248,AVX-SNA,,0.8,1,0,0,0,0,0,0,0,0,0.8,0,0,0,"Stalls, slow flight, steep turns, 4 fundamentals"
1997-12-26,8KCAB,N5062E,SNA-LCL,,0.9,1,0,0,0,0,0,0,0,0,0.9,0,0.9,0,Stage check w/Michael Church
1997-12-27,8KCAB,N5535K,SNA-LCL,,0.9,1,0,0,0,0,0,0,0,0,0.9,0,0,0,"Rolls, spins, loops, Immelmans, cubans, barrels, etc."
1997-12-27,8KCAB,N5535K,SNA-LCL,,0.8,1,0,0,0,0,0,0,0,0,0.8,0,0,0,Sportsman sequence practice; all maneuvers
1998-01-07,C172N,N7598D,SNA-LCL,,0.9,3,0,0,0,0,0,0,0,0,0.9,0,0.9,0,"Right seat checkout; taxiing, T/Os & landings, slow flight"
1998-01-22,8KCAB,N5062E,SNA-LCL,,0.8,1,0,0,0,0,0,0,0,0,0.8,0,0,0,"Aerobatics w/Julie; aileron rolls, loops, split-S's, etc."
1998-01-22,PA28-161,N43248,SNA-SMO,,0.7,0,1,0,0,0,0.7,0,0,0,0.7,0,0,0,Dinner at Spitfire Grill w/Jen
1998-01-22,PA28-161,N43248,SMO-SNA,,0.7,0,1,0,0,0,0.7,0,0,0,0.7,0,0,0,
1998-01-25,8KCAB,N5062E,SNA-LCL,,1.2,3,0,0,0,0,0,0,0,0,1.2,0,0,0,"Rolls, loops, cubans, split-S's, barrels, inverted, hammerheads, spins, stalls, immelmans"
1998-01-25,C152,N4779B,SNA-LCL,,1,1,0,0,0,0,0,0,0,0,1,0,1,0,"Right seat checkout, steep turns, stalls, MCA, takeoff & landing, taxiing"
1998-01-27,C152,N5532M,SNA-LCL,,1,4,0,0,0,0,0,0,0,0,1,0,1,0,Pattern work & go arounds
1998-02-13,PA28-161,N43248,SNA-AVX,,0.5,1,0,0,0,0,0,0,0,0,0.5,0,0,0,Lunch w/Jen
1998-02-13,PA28-161,N43248,AVX-SNA,,0.6,1,0,0,0,0,0,0,0,0,0.6,0,0,0,
1998-02-14,8KCAB,N5048T,SNA-LCL,,1.2,3,0,0,0,0,0,0,0,0,1.2,0,0,0,Aerobatics w/Dad
1998-02-20,8KCAB,N5062E,SNA-LCL,,1,3,0,0,0,0,0,0,0,0,1,0,0,0,Aerobatics
1998-02-27,PA28-161,N2525Y,SNA-SMO,,0.8,0,1,0,0,0,0.5,0,0,0,0.8,0,0,0,Dinner meeting w/Jon
1998-02-27,PA28-161,N2525Y,SMO-SNA,,0.7,0,1,0,0,0,0.7,0,0,0,0.7,0,0,0,
1998-03-07,8KCAB,N5062E,SNA-LCL,,0.9,1,0,0,0,0,0,0,0,0,0.9,0,0,0,Aerobatics w/Marissa
1998-03-18,C172RG,N6239V,SNA-SBA,,1.2,1,0,0,0,0,0,0,1.2,0,1.2,0,0,0,Dropping Michael off w/Julie
1998-03-18,C172RG,N6239V,SBA-SNA,,1.5,1,0,1.3,0,0,0,0,1.5,0,1.5,0,0,0,
1998-03-31,8KCAB,N5048T,SNA-LCL,,1.2,6,0,0,0,0,0,0,0,0,1.2,0,0,0,Aerobatics
1998-04-10,M20F,N6936V,OAK-SNA,,2.8,1,0,1.2,0,0,0,0,2.8,0,2.8,0,0,0,First flight as PIC in 36V
1998-04-14,C172RG,N6239V,SNA-AVX,,0.6,1,0,0,0,0,0,0,0,0,0.6,0,0,0,Birthday lunch for Jen
1998-04-14,C172RG,N6239V,AVX-SNA,,0.5,1,0,0,0,0,0,0,0,0,0.5,0,0,0,Go around
1998-04-27,8KCAB,N5535K,SNA-LCL,,0.8,1,0,0,0,0,0,0,0,0,0.8,0,0,0,Aerobatics w/Christina
1998-05-07,R22B,N4046A,SNA-LCL,,1,0,0,0,0,0,0,0,0,0,0,0,1,0,Demo helicopter lesson
1998-05-09,7ECA,N68533,SNA-LCL,,1.5,10,0,0,0,0,0,0,0,0,1.5,0,0,0,"Touch & gos, wheel landings"
1998-05-10,R22B,N80156,SNA-LCL,,1.2,0,0,0,0,0,0,0,0,0,0,0,1.2,0,"Straight & level, turns, climbs, descents, decel, hovering"
1998-05-13,R22B,N80156,SNA-LGB-SNA,,1.3,0,0,0,0,0,0,0,0,0,0,0,1.3,0,"Straight & level, climbs & desc., accels, decels, normal app & TO's hovering"
1998-05-17,8KCAB,N5535K,SNA-LCL,,1.2,4,0,0,0,0,0,0,0,0,1.2,0,0,0,"Aerobatic practice, wheel landings"
1998-05-18,R22B,N80156,SNA-LGB-SNA,,1.5,0,0,0,0,0,0,0,0,0,0,0,1.5,0,"St. & level, accels, decels, med & steep turns, normal app & TO's hovering, pickup & set downs"
1998-05-20,R22B,N80156,SNA-LGB-SNA,,1.6,0,0,0,0,0,0,0,0,0,0,0,1.6,0,"Airwork, accels, decels, patterns, normal TO's and appr., steep app."
1998-05-22,R22B,N80156,SNA-LGB-SNA,,1.5,0,0,0,0,0,0,0,0,0,0,0,1.5,0,"Accels, decels, normal & max perf. TO's, normal & steep app, hovering"
1998-05-23,M20F,N6936V,SNA-OAK,,3.4,1,0,0.5,0,0,0,0,3.4,0,3.4,0,0,0,Flight w/Dad
1998-05-23,M20F,N6936V,OAK-SNA,,2.8,1,0,1,0,0,0,0,2.8,0,2.8,0,0,0,O2
1998-05-24,M20F,N6936V,SNA-PSP,,1,1,0,0.7,0,0,0,0,1,0,1,0,0,0,Lunch w/Jen
1998-05-24,M20F,N6936V,PSP-SNA,,0.9,1,0,0.4,0,0,0,0,0.9,0,0.9,0,0,0,
1998-05-25,R22B,N80156,SNA-LGB-SNA,,1.7,0,0,0,0,0,0,0,0,0,0,0,1.7,0,"Normal app. & TO's, go arounds, stops, accels, low RPM recovery, gov off ops"
1998-05-27,M20F,N6936V,SNA-CRQ-F70-SNA,,1.6,3,0,0,0,0,0,0,1.6,0,1.6,0,0,0,Damion
1998-05-30,M20F,N6936V,SNA-SMO,,0.6,0,1,0,0,0,0.6,0,0,0,0.6,0,0,0,Dinner w/Jen & Marissa
1998-05-30,M20F,N6936V,SMO-SNA,,0.6,0,1,0,0,0,0.6,0,0,0,0.6,0,0,0,Shoreline transition
1998-05-31,M20F,N6936V,SNA-SMO,,0.6,1,0,0,0,0,0,0,0,0,0.6,0,0,0,Santa Monica Pier
1998-05-31,M20F,N6936V,SMO-SNA,,0.6,1,0,0,0,0,0,0,0,0,0.6,0,0,0,Special Flight Rules
1998-06-01,R22B,N80156,SNA-LGB-SNA,,1.4,0,0,0,0,0,0,0,0,0,0,0,1.4,0,"Normal app & TO's, steep app, max power TO's, low RPM recovery"
1998-06-02,R22A,N8490D,SNA-LGB-SNA,,1.5,0,0,0,0,0,0,0,0,0,0,0,1.5,0,"Normal app & TO's, hovering, straight-in autos"
1998-06-02,M20F,N6936V,SNA-LCL,,0.3,1,0,0,0,0,0,0,0,0,0.3,0,0,0,
1998-06-03,M20F,N6936V,SNA-LCL,,0.9,0,1,0.5,0,0,0.9,0,0,0,0.9,0,0,0,
1998-06-05,R22B,N80156,SNA-LGB-SNA,,1.7,0,0,0,0,0,0,0,0,0,0,0,1.7,0,"Pattern ops, straight-in autos, intro sim. eng. failure"
1998-06-07,M20F,N6936V,SNA-SAN,,0.8,1,0,0,0,0,0,0,0.8,0,0.8,0,0,0,
1998-06-07,M20F,N6936V,SAN-SNA,,0.9,1,0,0,0,0,0,0,0.9,0,0.9,0,0,0,
1998-06-08,R22A,N8490D,SNA-LGB-SNA,,1.4,0,0,0,0,0,0,0,0,0,0,0,1.4,0,"Straight-in & hovering autos, low RPM recovery, sim eng. failure"
1998-06-10,R22A,N8490D,SNA-LGB-SNA,,1.6,0,0,0,0,0,0,0,0,0,0,0,1.6,0,"Straight-in & hovering autos, sim. eng. failure, low RPM recovery, quick stops"
1998-06-11,M20F,N6936V,SNA-SBA-SNA,,2.3,0,2,2,0,0,2.3,0,2.3,0,2.3,0,0,0,IFR x-country
1998-06-12,R22B,N80156,SNA-LCL,,1.5,0,0,0,0,0,0,0,0,0,0,0,1.5,0,"Auto practice, sim. eng. fails, settling w/power, emergency proc"
1998-06-15,M20F,N6936V,SNA-LCL,,0.4,2,0,0,0,0,0,0,0,0,0.4,0,0,0,Warm-up for oil change
1998-06-15,R22B,N80156,SNA-LGB-SNA,,1.5,0,0,0,0,0,0,0,0,0,0,0,1.5,0,Stage I check
1998-06-16,R22B,N80156,SNA-LCL,,0.2,0,0,0,0,0,0,0,0,0,0,0,0.2,0,
1998-06-18,M20F,N6936V,SNA-TOA-SNA,,0.9,2,0,0,0,0,0,0,0,0,0.9,0,0,0,"Stalls, slow flight, short field takeoffs and landings"
1998-06-19,R22B,N80156,SNA-LGB-SNA,,1.8,0,0,0,0,0,0,0,0,0.9,0.9,0,0.9,0,"Solo hoverwork, normal T/O & appr., steep appr., max perf T/O, quick stop"
1998-06-19,M20F,N6936V,SNA-LCL,,0.1,0,0,0,0,0,0,0,0,0,0.1,0,0,0,
1998-06-20,M20F,N6936V,SNA-L35,,0.8,1,0,0,0,0,0,0,0.8,0,0.8,0,0,0,Big Bear
1998-06-20,M20F,N6936V,L35-DAG-SNA,,1.4,2,0,0,0,0,0,0,1.4,0,1.4,0,0,0,
1998-06-21,M20F,N6936V,SNA-AVX,,0.5,1,0,0,0,0,0,0,0,0,0.5,0,0,0,Lunch w/Mike & Mike
1998-06-21,M20F,N6936V,AVX-SNA,,0.5,1,0,0,0,0,0,0,0,0,0.5,0,0,0,
1998-06-21,M20F,N6936V,SNA-PAO,,2.9,1,0,0,0,0,0,0,2.9,0,2.9,0,0,0,Work
1998-06-22,M20F,N6936V,PAO-SMF,,1,1,0,0,0,0,0,0,1,0,1,0,0,0,
1998-06-22,M20F,N6936V,SMF-PAO,,0.9,1,0,0,0,0,0,0,0.9,0,0.9,0,0,0,
1998-06-24,M20F,N6936V,PAO-SNS,,1,1,0,0.5,0,1,0,0,1,0,1,0,0,0,Lunch w/Mom
1998-06-24,M20F,N6936V,SNS-PAO,,0.9,1,0,0,0,1,0,0,0.9,0,0.9,0,0,0,
1998-06-25,M20F,N6936V,PAO-076,,1,1,0,1,0,1,0,0,1,0,1,0,0,0,GPS 29 Petaluma
1998-06-25,M20F,N6936V,076-STS-076,,0.6,1,0,0,0,0,0,0,0,0,0.6,0,0,0,
1998-06-25,M20F,N6936V,076-SNA,,2.9,1,0,1.5,0,0,0,0,2.9,0,2.9,0,0,0,
1998-06-29,R22A,N8490D,SNA-LGB-SNA,,1.5,0,0,0,0,0,0,0,0,0.8,0.8,0,0.7,0,"Supervised solo, hoverwork, norm. T/O's & appr., steep appr., dual autos, sim. eng. fail"
1998-06-29,M20F,N6936V,SNA-EMT-SNA,,0.8,1,0,0,0,0,0,0,0,0,0.8,0,0,0,
1998-06-30,R22B,N80156,SNA-LGB-SNA,,1.6,0,0,0,0,0,0,0,0,0.8,0.8,0,0.8,0,"Supervised solo, sim. eng. failure, emergency procedures"
1998-06-30,R22B,N80156,SNA-LGB-SNA,,1.5,1,0,0,0,0,0,0,0,1.5,1.5,0,0,0,"Solo, approaches, hovering, quick stops, holding"
1998-07-02,M20F,N6936V,SNA-L35,,1.2,1,0,0,0,0,0,0,1.2,0,1.2,0,0,0,"15,500' high altitude"
1998-07-02,M20F,N6936V,L35-SNA,,0.8,0,1,0,0,0,0.8,0,0.8,0,0.8,0,0,0,
1998-07-04,M20F,N6936V,SNA-HII,,1.8,1,0,0,0,0,0,0,1.8,0,1.8,0,0,0,"4th of July, Lake Havasu"
1998-07-04,M20F,N6936V,HII-SNA,,1.8,0,1,0.8,0,0,1.8,0,1.8,0,1.8,0,0,0,
1998-07-30,M20F,N6936V,SNA-PAO,,3,1,0,3,0,1,0,0,3,0,3,0,0,0,VOR/DME 30 PAO
1998-07-30,M20F,N6936V,PAO-SNA,,2.8,1,0,2.3,0,0,0,0,2.8,0,2.8,0,0,0,Visual 19R SNA
1998-08-06,M20F,N6936V,SNA-LCL,,1,1,0,0.4,0,0,0,0,0,0,1,0,0,0,Emergency gear extension check
1998-08-07,M20F,N6936V,SNA-PRC,,2.6,1,0,0,0,0,0,0,2.6,0,2.6,0,0,0,"T-storms, Prescott, AZ"
1998-08-08,M20F,N6936V,PRC-PUB,,4.3,1,0,0,0,0,0,0,4.3,0,4.3,0,0,0,"Pueblo, CO"
1998-08-08,M20F,N6936V,PUB-1V5,,1.2,1,0,0,0,0,0,0,1.2,0,1.2,0,0,0,"Craig's wedding in Boulder, CO"
1998-08-10,M20F,N6936V,1V5-PGA,,3.4,1,0,0,0,0,0,0,3.4,0,3.4,0,0,0,"Page, AZ"
1998-08-10,M20F,N6936V,PGA-SNA,,3.2,1,0,0,0,0,0,0,3.2,0,3.2,0,0,0,
1998-08-13,M20F,N6936V,SNA-LCL,,0.3,1,0,0,0,0,0,0,0,0,0.3,0,0,0,Warm-up for oil change
1998-08-18,M20F,N6936V,SNA-L05,,1.3,1,0,0,0,0,0,0,1.3,0,1.3,0,0,0,"Lake Isabella, Kernville, camping"
1998-08-19,M20F,N6936V,L05-SNA,,1.3,1,0,0,0,0,0,0,1.3,0,1.3,0,0,0,
1998-08-24,R22B,N196HE,SNA-LCL,,1.3,0,0,0,0,0,0,0,0,0,0,0,1.3,0,"Hovering autos (5), normal approach autos (5), low RPM flt & hover, settling w/power"
1998-08-26,M20F,N6936V,SNA-L05,,1.3,1,0,0,0,0,0,0,1.3,0,1.3,0,0,0,Camping
1998-08-27,M20F,N6936V,L05-L71,,0.5,1,0,0,0,0,0,0,0.5,0,0.5,0,0,0,California City
1998-08-27,M20F,N6936V,L71-MHV,,0.2,1,0,0,0,0,0,0,0,0,0.2,0,0,0,"Mohave, airplane graveyard"
1998-08-27,M20F,N6936V,MHV-SNA,,0.9,1,0,0,0,0,0,0,0.9,0,0.9,0,0,0,
1998-09-01,M20F,N6936V,SNA-AVX,,0.4,1,0,0,0,0,0,0,0,0,0.4,0,0,0,
1998-09-01,M20F,N6936V,AVX-SNA,,0.5,1,0,0,0,0,0,0,0,0,0.5,0,0,0,
1998-09-02,R22B,N196HE,SNA-LCL,,0.9,0,0,0,0,0,0,0,0,0,0,0,0.9,0,"Emergency proc, sim eng fails, settling w/power, low RPM recov., straight-in autos"
1998-09-07,M20F,N6936V,SNA-PAO,,2.8,1,0,1.5,0,0,0,0,2.8,0,2.8,0,0,0,
1998-09-08,C150,N9868J,LOCAL-,,2,1,0,0,0,0,0,0,0,2,2,0,0,0,Practice Va
1998-09-09,M20F,N6936V,PAO-SNA,,2.9,1,0,1,0,0,0,0,2.9,0,2.9,0,0,0,
1998-09-14,M20F,N6936V,SNA-SBA,,1.1,1,0,0.5,0,0,0,0,1.1,0,1.1,0,0,0,
1998-09-14,M20F,N6936V,SBA-SNA,,1.4,1,0,1.2,0,0,1.4,0,1.4,0,1.4,0,0,0,
1998-09-15,R22B,N1118N,SNA-LGB-SNA,,1.5,0,0,0,0,0,0,0,0,0,0,0,1.5,0,"Patterns, straight-in & hovering autos, shallow app, landings & TO's, sim eng fails, low RPM recov."
1998-09-17,M20F,N6936V,SNA-SBA,,1.2,1,0,0,0,0,0,0,1.2,0,1.2,0,0,0,
1998-09-17,M20F,N6936V,SBA-SMO,,0.8,0,1,0,0,0,0.2,0,0.8,0,0.8,0,0,0,
1998-09-17,M20F,N6936V,SMO-SBA,,0.8,0,1,0,0,0,0.8,0,0.8,0,0.8,0,0,0,
1998-09-17,M20F,N6936V,SBA-SNA,,1,0,1,0,0,0,1,0,1,0,1,0,0,0,
1998-09-24,R22B,N1118N,SNA-EMT-RAL-SNA,,1.8,0,0,0,0,0,0,0,1.8,0,0,0,1.8,0,XC navigation & procedures
1998-09-24,M20F,N6936V,SNA-AJO,,0.4,1,0,0,0,0,0,0,0,0,0.4,0,0,0,Aircraft Spruce
1998-09-24,M20F,N6936V,AJO-SNA,,0.4,1,0,0,0,0,0,0,0,0,0.4,0,0,0,
1998-09-27,R22B,N196HE,SNA-LCL,,1.8,0,0,0,0,0,0,0,0,0,0,0,1.8,0,"Off-airport ops, sim. eng. fails, st. in autos"
1998-09-30,R22B,N1118N,SNA-EMT-RAL-SNA,,1.9,0,0,0,0,0,0,0,1.9,1.9,1.9,0,0,0,X-country solo
1998-10-02,M20F,N6936V,SNA-LGB-SNA,,1,1,0,0,0,0,0,0,0,0,1,0,0,0,Touch & gos at Long Beach
1998-10-03,R22B,N1118N,SNA-LCL,,1.8,0,0,0,0,0,0,0,0,0,0,0,1.8,0,"Off-airport ops, sim eng fails, autos, slope landing"
1998-10-06,R22A,N8490D,SNA-LAX-SMO-LGB-SNA,,2.2,0,8,0,0,0,2.2,0,2.2,0,0,0,2.2,0,"XC night landings, 8 landings & TO's"
1998-10-10,R22B,N196HE,SNA-LGB-SNA,,1.6,0,0,0,0,0,0,0,0,0,0,0,1.6,0,"St. in autos, slope landings, sim eng fail"
1998-10-20,M20F,N6936V,SNA-SFO,,2.9,1,0,0.5,0,0,0,0,2.9,0,2.9,0,0,0,San Francisco for meeting at General Magic
1998-10-20,M20F,N6936V,SFO-SNA,,3,0,1,0,0,0,0.5,0,3,0,3,0,0,0,
1998-10-29,M20F,N6936V,SNA-SMO,,0.5,0,1,0,0,0,0.5,0,0,0,0.5,0,0,0,
1998-10-29,M20F,N6936V,SMO-SNA,,0.6,0,1,0,0,0,0.6,0,0,0,0.6,0,0,0,
1998-11-02,M20F,N6936V,SNA-PAO,,2.9,1,0,0,0,0,0,0,2.9,0,2.9,0,0,0,
1998-11-03,M20F,N6936V,PAO-SFO,,0.3,1,0,0,0,0,0,0,0,0,0.3,0,0,0,
1998-11-03,M20F,N6936V,SFO-SNA,,2.8,1,0,0.5,0,0,0,0,2.8,0,2.8,0,0,0,
1998-11-10,M20F,N6936V,SNA-HHR-SNA,,0.8,1,0,0,0,0,0,0,0,0,0.8,0,0,0,
1998-11-13,M20F,N6936V,SNA-PSP,,0.9,1,0,0,0,0,0,0,0.9,0,0.9,0,0,0,
1998-11-14,M20F,N6936V,PSP-SNA,,0.8,1,0,0,0,0,0,0,0.8,0,0.8,0,0,0,
1998-11-20,M20F,N6936V,SNA-AVX,,0.5,1,0,0,0,0,0,0,0,0,0.5,0,0,0,
1998-11-20,M20F,N6936V,AVX-SNA,,0.5,1,0,0,0,0,0,0,0,0,0.5,0,0,0,
1998-11-24,M20F,N6936V,SNA-BUR,,0.5,1,0,0,0,0,0.5,0,0,0,0.5,0,0,0,Meeting w/Charlie
1998-11-24,M20F,N6936V,BUR-SNA,,0.5,1,0,0,0,0,0.5,0,0,0,0.5,0,0,0,
1998-11-25,M20F,N6936V,SNA-PAO,,2.7,0,1,0,0,0,2.5,0,2.7,0,2.7,0,0,0,
1998-11-26,M20F,N6936V,PAO-LVK,,0.5,0,1,0.3,0,0,0.5,0,0,0,0.5,0,0,0,
1998-11-27,M20F,N6936V,LVK-PAO,,0.3,1,0,0,0,0,0,0,0,0,0.3,0,0,0,
1998-11-27,M20F,N6936V,PAO-LVK,,0.3,0,1,0,0,0,0.3,0,0,0,0.3,0,0,0,
1998-11-28,M20F,N6936V,LVK-LCL,,0.9,0,1,0,0,0,0.9,0,0,0,0.9,0,0,0,"Bay Tour w/Jen, Karyn, May"
1998-11-29,M20F,N6936V,LVK-SNA,,2.6,1,0,2,0,0,0,0,2.6,0,2.6,0,0,0,
1998-12-07,M20F,N6936V,SNA-LCL,,0.7,1,0,0,0,0,0,0,0,0,0.7,0,0,0,"Test flight, stalls, touch & gos"
1998-12-17,M20F,N6936V,SNA-AVX,,0.5,1,0,0,0,0,0,0,0,0,0.5,0,0,0,
1998-12-17,M20F,N6936V,AVX-SNA,,0.4,1,0,0,0,0,0,0,0,0,0.4,0,0,0,Electrical system failure
1998-12-21,M20F,N6936V,SNA-LCL,,0.5,1,0,0,0,0,0,0,0,0,0.5,0,0,0,Test flight after repair
1998-12-23,M20F,N6936V,SNA-LVK,,2.7,1,0,0,0,0,0,0,2.7,0,2.7,0,0,0,
1998-12-26,M20F,N6936V,LVK-PAO,,0.3,1,0,0,0,0,0,0,0,0,0.3,0,0,0,
1998-12-26,M20F,N6936V,PAO-SNA,,2.5,0,1,0,0,0,1,0,2.5,0,2.5,0,0,0,
1998-12-30,M20F,N6936V,SNA-LVK,,2.8,1,0,0,0,0,0,0,2.8,0,2.8,0,0,0,
1998-12-31,M20F,N6936V,LVK-LCL,,0.6,1,0,0,0,0,0,0,0,0,0.6,0,0,0,
1999-01-01,M20F,N6936V,LVK-SNA,,2.5,0,1,0,0,0,1.3,0,2.5,0,2.5,0,0,0,
1999-01-09,M20F,N6936V,SNA-AVX,,0.5,1,0,0,0,0,0,0,0,0,0.5,0,0,0,
1999-01-09,M20F,N6936V,AVX-SNA,,0.4,1,0,0,0,0,0,0,0,0,0.4,0,0,0,
1999-01-09,M20F,N6936V,SNA-SMO,,0.5,0,1,0,0,0,0.5,0,0,0,0.5,0,0,0,
1999-01-09,M20F,N6936V,SMO-SNA,,0.6,0,1,0,0,0,0.6,0,0,0,0.6,0,0,0,
1999-01-20,M20F,N6936V,SNA-PAO,,3.7,1,0,3.7,0,0,0,0,3.7,0,3.7,0,0,0,
1999-01-21,M20F,N6936V,PAO-SNA,,2.1,0,1,0,0,0,1,0,2.1,0,2.1,0,0,0,"228 knots, 11,500'"
1999-02-01,M20F,N6936V,SNA-AJO,,0.5,1,0,0,0,0,0,0,0,0,0.5,0,0,0,"Aircraft Spruce, Fender"
1999-02-01,M20F,N6936V,AJO-SNA,,0.3,1,0,0,0,0,0,0,0,0,0.3,0,0,0,
1999-02-04,M20F,N6936V,SNA-SMO,,0.5,1,0,0.1,0,0,0,0,0,0,0.5,0,0,0,"US Web, etc."
1999-02-04,M20F,N6936V,SMO-SNA,,0.7,1,0,0.7,0,1,0,0,0,0,0.7,0,0,0,ILS 19R
1999-02-13,M20F,N6936V,SNA-PSP,,0.8,1,0,0,0,0,0,0,0.8,0,0.8,0,0,0,
1999-02-14,M20F,N6936V,PSP-SNA,,0.9,1,0,0,0,0,0,0,0.9,0,0.9,0,0,0,
1999-02-18,M20F,N6936V,SNA-SFO,,3.1,1,0,3.1,0,0,0,0,3.1,0,3.1,0,0,0,"SID, AHEIM2 LHS"
1999-02-18,M20F,N6936V,SFO-SNA,,2.9,0,1,2.5,0,0,1.5,0,2.9,0,2.9,0,0,0,"SID, SNS ROM FIM direct"
1999-02-25,M20F,N6936V,SNA-LCL,,0.8,1,0,0,0,0,0,0,0,0,0.8,0,0,0,AVX socked in
1999-03-11,M20F,N6936V,SNA-PAO,,3,1,0,2,0,0,0,0,3,0,3,0,0,0,
1999-03-12,M20F,N6936V,PAO-SNA,,2.5,1,0,0,0,0,0,0,2.5,0,2.5,0,0,0,
1999-04-10,M20F,N6936V,SNA-L35,,0.8,1,0,0,0,0,0,0,0.8,0,0.8,0,0,0,Big Bear
1999-04-10,M20F,N6936V,L35-SNA,,0.7,1,0,0,0,0,0,0,0.7,0,0.7,0,0,0,
1999-04-12,M20F,N6936V,SNA-LCL,,0.5,1,0,0,0,0,0,0,0,0,0.5,0,0,0,"Warm-up & oil change, test flight"
1999-04-20,M20F,N6936V,SNA-PAO,,2.8,1,0,0,0,0,0,0,2.8,0,2.8,0,0,0,
1999-04-22,M20F,N6936V,PAO-SNA,,2.4,0,1,0,0,0,0.5,0,2.4,0,2.4,0,0,0,
1999-05-02,M20F,N6936V,SNA-WHP-BUR,,1,1,0,1,0,2,0,0,1,0,1,0,0,0,VOR at Whiteman w/Jon
1999-05-02,M20F,N6936V,BUR-SNA,,0.6,1,0,0.6,0,1,0,0,0.6,0,0.6,0,0,0,
1999-05-05,M20F,N6936V,SNA-OAK,,3,0,1,0,0,0,3,0,3,0,3,0,0,0,
1999-05-06,M20F,N6936V,OAK-SNA,,2.8,1,0,0,0,0,0,0,2.8,0,2.8,0,0,0,
1999-05-20,M20F,N6936V,SNA-OAK,,2.9,1,0,0,0,0,0,0,2.9,0,2.9,0,0,0,Ask Jeeves interview
1999-05-20,M20F,N6936V,OAK-SNA,,2.8,1,0,0,0,0,0,0,2.8,0,2.8,0,0,0,
1999-06-10,M20F,N6936V,SNA-LCL,,0.7,1,0,0,0,0,0,0,0,0,0.7,0,0,0,Bird's nest
1999-06-22,PA28-161,N9087D,OWD-LCL,,0.4,1,0,0,0,0,0,0,0,0,0.4,0,0.4,0,"Traffic pattern, takeoff & landing, Warrior a/c checkout"
1999-06-24,PA28-161,N4359D,OWD-MTP,,1,1,0,0,0,0,0,0,1,0,1,0,0,0,Montauk Point w/Jen
1999-06-24,PA28-161,N4359D,MTP-1B2,,0.7,1,0,0,0,0,0,0,0.7,0,0.7,0,0,0,"Katama, Martha's Vineyard, soft field"
1999-06-24,PA28-161,N4359D,1B2-ACK,,0.4,1,0,0,0,0,0,0,0,0,0.4,0,0,0,Nantucket
1999-06-24,PA28-161,N4359D,ACK-OWD,,1,0,1,0,0,0,0.7,0,1,0,1,0,0,0,
1999-07-03,M20F,N6936V,SNA-HMT-L08-SNA,,1.9,1,0,0,0,0,0,0,1.9,0,1.9,0,0,0,Jon
1999-07-18,M20F,N6936V,SNA-LAS,,1.9,1,0,0,0,0,0,0,1.9,0,1.9,0,0,0,
1999-07-20,M20F,N6936V,LAS-SNA,,2,1,0,0,0,0,0,0,2,0,2,0,0,0,
1999-07-26,M20F,N6936V,SNA-L05,,1.2,1,0,0,0,0,0,0,1.2,0,1.2,0,0,0,
1999-07-27,M20F,N6936V,L05-SNA,,1.3,1,0,0,0,0,0,0,1.3,0,1.3,0,0,0,
1999-08-02,M20F,N6936V,SNA-L05,,1.2,1,0,0,0,0,0,0,1.2,0,1.2,0,0,0,
1999-08-03,M20F,N6936V,L05-SNA,,1.3,1,0,0,0,0,0,0,1.3,0,1.3,0,0,0,
1999-08-06,M20F,N6936V,SNA-AVX,,0.4,1,0,0,0,0,0,0,0,0,0.4,0,0,0,
1999-08-06,M20F,N6936V,AVX-SNA,,0.5,1,0,0,0,0,0,0,0,0,0.5,0,0,0,
1999-08-27,M20F,N6936V,SNA-PAO,,2.7,1,0,0,0,0,0,0,2.7,0,2.7,0,0,0,
1999-08-27,M20F,N6936V,PAO-STS,,0.8,1,0,0,0,0,0,0,0.8,0,0.8,0,0,0,
1999-08-27,M20F,N6936V,STS-PAO,,0.8,1,0,0,0,0,0,0,0.8,0,0.8,0,0,0,
1999-08-28,M20F,N6936V,PAO-LVK,,0.3,1,0,0,0,0,0,0,0,0,0.3,0,0,0,
1999-08-30,M20F,N6936V,LVK-SNA,,2.7,1,0,0,0,0,0,0,2.7,0,2.7,0,0,0,
1999-09-10,M20F,N6936V,SNA-AVX,,0.5,1,0,0,0,0,0,0,0,0,0.5,0,0,0,
1999-09-10,M20F,N6936V,AVX-SNA,,0.4,1,0,0,0,0,0,0,0,0,0.4,0,0,0,
1999-09-14,M20F,N6936V,SNA-SMO,,0.7,1,0,0,0,0,0,0,0,0,0.7,0,0,0,
1999-09-14,C172P,N98831,SMO-LCL,,0.5,1,0,0,0,0,0,0,0,0,0,0,0,0,
1999-09-14,M20F,N6936V,SMO-CMA,,0.5,1,0,0,0,0,0,0,0,0,0.5,0,0,0,
1999-09-14,M20F,N6936V,CMA-SMO-SNA,,1,1,0,0,0,0,0,0,1,0,1,0,0,0,
1999-09-26,M20F,N6936V,SNA-PAO,,2.8,1,0,0.1,0,0,0,0,2.8,0,2.8,0,0,0,
1999-09-28,M20F,N6936V,PAO-SNA,,2.7,1,0,0,0,0,0,0,2.7,0,2.7,0,0,0,
1999-10-06,M20F,N6936V,SNA-HWD,,3.5,0,1,0,0,0,3.5,0,3.5,0,3.5,0,0,0,
1999-10-07,M20F,N6936V,HWD-PAO,,0.3,0,1,0,0,0,0.3,0,0,0,0.3,0,0,0,
1999-10-07,M20F,N6936V,PAO-SNA,,2.8,0,1,0,0,0,2.8,0,2.8,0,2.8,0,0,0,
1999-10-25,M20F,N6936V,SNA-PAO,,2.6,1,0,0,0,0,0,0,2.6,0,2.6,0,0,0,
1999-10-26,M20F,N6936V,PAO-PRB,,1.2,1,0,0,0,0,0,0,1.2,0,1.2,0,0,0,
1999-10-26,M20F,N6936V,PRB-SNA,,1.6,1,0,0,0,0,0,0,1.6,0,1.6,0,0,0,
1999-11-03,M20F,N6936V,SNA-OAK,,3,1,0,0.2,0,0,0,0,3,0,3,0,0,0,
1999-11-05,M20F,N6936V,OAK-SNA,,3.1,0,1,0,0,0,1,0,3.1,0,3.1,0,0,0,
1999-11-16,M20F,N6936V,SNA-VNY,,0.8,1,0,0,0.7,1,0,0,0.8,0,0.8,0,0,0,
1999-11-16,M20F,N6936V,VNY-SNA,,0.7,0,1,0.6,0,1,0.7,0,0.7,0,0.7,0,0,0,
1999-11-22,M20F,N6936V,SNA-LGB-SNA,,1,1,0,0,0,0,0,0,0,0,1,0,1,0,BFR
1999-11-23,M20F,N6936V,SNA-LVK,,2.9,1,0,0,0,0,0,0,2.9,0,2.9,0,0,0,Thanksgiving
1999-11-24,M20F,N6936V,LVK-PAO,,0.3,1,0,0,0,0,0,0,0,0,0.3,0,0,0,
1999-11-25,M20F,N6936V,PAO-LVK,,3,1,0,0,0,0,0,0,0,0,0.3,0,0,0,
1999-11-27,M20F,N6936V,LVK-SNA,,2.8,1,0,0,0,0,0,0,2.8,0,2.8,0,0,0,
1999-12-12,M20F,N6936V,SNA-POC,,0.4,1,0,0,0,0,0,0,0,0,0.4,0,0,0,Picking up Jon
1999-12-12,M20F,N6936V,POC-OAK,,2.9,1,0,0,0,0,0,0,2.9,0,2.9,0,0,0,
1999-12-15,M20F,N6936V,OAK-SNA,,2.6,0,1,0,0,0,0.5,0,2.6,0,2.6,0,0,0,
1999-12-16,M20F,N6936V,SNA-SMO,,0.5,0,1,0,0,0,0.5,0,0,0,0.5,0,0,0,Snacki
1999-12-16,M20F,N6936V,SMO-SNA,,0.5,0,1,0,0,0,0.5,0,0,0,0.5,0,0,0,
2000-01-01,M20K/231,N2FR,CHD-,,1,1,0,0,0,0,0,0,0,0,1,0,0,0,
2000-01-08,M20K/231,N2FR,CHD-,,1,1,0,0,0,0,0,0,0,0,1,0,0,0,
2000-01-18,M20F,N6936V,SNA-LCL,,0.4,1,0,0,0,0,0,0,0,0,0.4,0,0,0,Test flight after annual
2000-01-23,M20F,N6936V,SNA-AVX,,0.5,1,0,0,0,0,0,0,0,0,0.5,0,0,0,Lunch w/Brian
2000-01-23,M20F,N6936V,AVX-VNY,,0.7,1,0,0,0,0,0,0,0.7,0,0.7,0,0,0,
2000-01-23,M20F,N6936V,VNY-LCL,,0.5,1,0,0,0,0,0,0,0,0,0.5,0,0,0,
2000-01-23,M20F,N6936V,VNY-SNA,,0.6,1,0,0,0,0,0,0,0.6,0,0.6,0,0,0,
2000-01-24,M20F,N6936V,SNA-OAK,,2.9,0,1,2.5,0,1,2.3,0,2.9,0,2.9,0,0,0,
2000-01-26,M20F,N6936V,OAK-ONT,,2.9,1,0,0,0.5,1,0,0,2.9,0,2.9,0,0,0,
2000-01-26,M20F,N6936V,ONT-SNA,,0.4,1,0,0,0,0,0,0,0,0,0.4,0,0,0,
2000-02-21,M20F,N6936V,SNA-VGT,,1.9,0,1,1.7,0,0,1.9,0,1.9,0,1.9,0,0,0,
2000-02-24,M20F,N6936V,VGT-SNA,,2,1,0,0,0,0,0,0,2,0,2,0,0,0,
2000-02-28,M20F,N6936V,SNA-OAK,,3.1,0,1,3,0,1,3.1,0,3.1,0,3.1,0,0,0,
2000-02-29,M20F,N6936V,OAK-STS,,0.7,1,0,0.6,0,1,0,0,0.7,0,0.7,0,0,0,
2000-02-29,M20F,N6936V,STS-OAK,,0.9,1,0,0.8,0,1,0,0,0.9,0,0.9,0,0,0,
2000-03-01,M20F,N6936V,OAK-PAO,,0.4,1,0,0,0,0,0,0,0,0,0.4,0,0,0,
2000-03-01,M20F,N6936V,PAO-SNA,,2.4,0,1,1,0,0,2.4,0,2.4,0,2.4,0,0,0,
2000-03-09,M20F,N6936V,SNA-OXR,,0.9,1,0,0,0,0,0,0,0.9,0,0.9,0,0,0,DW Factory w/Damion
2000-03-09,M20F,N6936V,OXR-SMO,,0.3,0,1,0,0,0,0.3,0,0,0,0.3,0,0,0,
2000-03-09,M20F,N6936V,SMO-SNA,,0.6,0,1,0,0,0,0.6,0,0,0,0.6,0,0,0,
2000-03-18,M20F,N6936V,SNA-POC,,0.4,1,0,0,0,0,0,0,0,0,0.4,0,0,0,Headset/Jon
2000-03-18,M20F,N6936V,POC-OAK,,2.8,1,0,0,0,0,0,0,2.8,0,2.8,0,0,0,Delivery of 36V
2000-03-23,M20J,N201DD,FCM-LCL,,0.7,1,0,0,0,0,0,0,0,0,0.7,0,0,0,First test flight in N201DD
2000-03-24,M20J,N201DD,FCM-LAA,,4.3,0,1,1.5,0,0,2.5,0,4.3,0,4.3,0,0,0,"First leg home, Lamar, CO; no landing light"
2000-03-25,M20J,N201DD,LAA-PRC,,4.1,1,0,0,0,0,0,0,4.1,0,4.1,0,0,0,"Prescott, AZ"
2000-03-25,M20J,N201DD,PRC-SNA,,2.1,1,0,0,0,0,0,0,2.1,0,2.1,0,0,0,
2000-03-26,M20J,N201DD,SNA-POC,,0.4,1,0,0,0,0,0,0,0,0,0.4,0,0,0,
2000-03-26,M20J,N201DD,POC-SBD-POC,,0.8,1,0,0,0,0,0,0,0,0,0.8,0,0,0,Touch & gos at SBD w/Jon
2000-03-26,M20J,N201DD,POC-SNA,,0.3,1,0,0,0,0,0,0,0,0,0.3,0,0,0,
2000-03-28,M20J,N201DD,SNA-SBP,,1.5,1,0,0.2,0,0,0,0,1.5,0,1.5,0,0,0,Meeting w/Wynd in San Luis Obispo
2000-03-28,M20J,N201DD,SBP-SNA,,1.3,1,0,0,0,0,0,0,1.3,0,1.3,0,0,0,Return w/Dad
2000-04-02,M20J,N201DD,SNA-SAN-SNA,,1.3,0,1,0,0,0,1.3,0,1.3,0,1.3,0,0,0,Rick & Damion
2000-04-03,M20J,N201DD,SNA-AVX,,0.4,1,0,0,0,0,0,0,0,0,0.4,0,0,0,
2000-04-03,M20J,N201DD,AVX-SNA,,0.4,1,0,0,0,0,0,0,0,0,0.4,0,0,0,
2000-04-05,M20J,N201DD,SNA-LGB-SNA,,0.9,1,0,0,0,0,0,0,0,0,0.9,0,0,0,Touch & gos
2000-04-06,M20J,N201DD,SNA-L05,,1.2,1,0,0,0,0,0,0,1.2,0,1.2,0,0,0,Camping
2000-04-07,M20J,N201DD,L05-SNA,,1.3,1,0,0,0,0,0,0,1.3,0,1.3,0,0,0,
2000-04-12,M20J,N201DD,SNA-AVX,,0.4,1,0,0,0,0,0,0,0,0,0.4,0,0,0,
2000-04-12,M20J,N201DD,AVX-SNA,,0.4,1,0,0,0,0,0,0,0,0,0.4,0,0,0,
2000-04-12,M20J,N201DD,SNA-CNO-SNA,,0.7,1,0,0,0,0,0,0,0,0,0.7,0,0,0,Touch & gos at Chino
2000-04-14,M20J,N201DD,SNA-LAS,,1.8,1,0,1.6,0,0,0,0,1.8,0,1.8,0,0,0,Icing in IMC
2000-04-15,M20J,N201DD,LAS-SNA,,1.7,1,0,0,0,0,0,0,1.7,0,1.7,0,0,0,
2000-04-24,M20J,N201DD,SNA-LGB-SNA,,0.6,0,4,0,0,0,0.6,0,0,0,0.6,0,0,0,
2000-04-26,M20J,N201DD,SNA-LCL,,0.9,1,0,0,0,0,0,0,0,0,0.9,0,0,0,
2000-04-29,M20J,N201DD,SNA-LAS,,1.7,1,0,0,0,0,0,0,1.7,0,1.7,0,0,0,
2000-04-30,M20J,N201DD,LAS-SNA,,1.5,1,0,0,0,0,0,0,1.5,0,1.5,0,0,0,
2000-05-01,M20J,N201DD,SNA-PAO,,2.4,1,0,0,0,0,0,0,2.4,0,2.4,0,0,0,"V.C. meetings, patent attorney, etc."
2000-05-03,M20J,N201DD,PAO-SNA,,2.2,1,0,0,0,0,0,0,2.2,0,2.2,0,0,0,
2000-05-06,M20J,N201DD,SNA-CLR-SNA,,2.1,1,0,0,0,0,0,0,2.1,0,2.1,0,0,0,180' below MSL
2000-05-07,M20J,N201DD,SNA-PSP,,0.7,1,0,0,0,0,0,0,0.7,0,0.7,0,0,0,
2000-05-07,M20J,N201DD,PSP-SNA,,0.9,0,1,0.9,0,1,0.9,0,0.9,0,0.9,0,0,0,
2000-05-09,M20J,N201DD,SNA-SMO,,0.6,0,1,0,0,0,0.6,0,0,0,0.6,0,0,0,
2000-05-09,M20J,N201DD,SMO-SNA,,0.5,0,1,0,0,0,0.5,0,0,0,0.5,0,0,0,
2000-05-10,M20J,N201DD,SNA-L52,,1.5,1,0,0,0,0,0,0,1.5,0,1.5,0,0,0,Camping
2000-05-11,M20J,N201DD,L52-SNA,,1.3,1,0,0,0,0,0,0,1.3,0,1.3,0,0,0,
2000-05-18,M20J,N201DD,SNA-CCB,,0.5,1,0,0,0,0,0,0,0,0,0.5,0,0,0,Cable w/Jon
2000-05-18,M20J,N201DD,CCB-SNA,,0.4,1,0,0,0,0,0,0,0,0,0.4,0,0,0,
2000-05-18,M20J,N201DD,SNA-MYF,,0.7,1,0,0,0,0,0,0,0.7,0,0.7,0,0,0,
2000-05-18,M20J,N201DD,MYF-SNA,,0.6,0,1,0,0,0,0.6,0,0.6,0,0.6,0,0,0,
2000-05-20,M20J,N201DD,SNA-PTV,,1.5,1,0,0,0,0,0,0,1.5,0,1.5,0,0,0,Formation w/36V
2000-05-20,M20J,N201DD,PTV-L52,,0.9,1,0,0,0,0,0,0,0.9,0,0.9,0,0,0,Oceano
2000-05-20,M20J,N201DD,L52-SNA,,1.3,1,0,0,0,0,0,0,1.3,0,1.3,0,0,0,
2000-06-14,M20J,N201DD,SNA-LCL,,0.8,1,0,0,0,0,0,0,0,0,0.8,0,0,0,New engine break-in
2000-06-15,M20J,N201DD,SNA-PAO,,2.7,1,0,0,0,0,0,0,2.7,0,2.7,0,0,0,"Break-in, ivolio"
2000-06-16,M20J,N201DD,PAO-ONT,,2.4,1,0,0,0,0,0,0,2.4,0,2.4,0,0,0,Drop Jon off
2000-06-16,M20J,N201DD,ONT-SNA,,0.4,1,0,0,0,0,0,0,0,0,0.4,0,0,0,
2000-06-17,M20J,N201DD,SNA-LCL,,0.2,1,0,0,0,0,0,0,0,0,0.2,0,0,0,Pattern after washing
2000-06-18,M20J,N201DD,SNA-FAT,,1.6,1,0,0.2,0,0,0,0,1.6,0,1.6,0,0,0,
2000-06-18,M20J,N201DD,FAT-SNA,,1.8,1,0,0,0,0,0,0,1.8,0,1.8,0,0,0,
2000-06-19,M20J,N201DD,SNA-POC,,0.3,1,0,0,0,0,0,0,0,0,0.3,0,0,0,
2000-06-19,M20J,N201DD,POC-AJO,,0.3,1,0,0,0,0,0,0,0,0,0.3,0,0,0,
2000-06-19,M20J,N201DD,AJO-POC,,0.3,1,0,0,0,0,0,0,0,0,0.3,0,0,0,
2000-06-19,M20J,N201DD,POC-CCB,,0.3,1,0,0,0,0,0,0,0,0,0.3,0,0,0,
2000-06-19,M20J,N201DD,CCB-AJO,,0.3,1,0,0,0,0,0,0,0,0,0.3,0,0,0,
2000-06-19,M20J,N201DD,AJO-SNA,,0.3,1,0,0,0,0,0,0,0,0,0.3,0,0,0,
2000-06-20,M20J,N201DD,SNA-MYF,,0.7,1,0,0,0,0,0,0,0.7,0,0.7,0,0,0,
2000-06-20,M20J,N201DD,MYF-SNA,,0.7,0,1,0.5,0,0,0.7,0,0.7,0,0.7,0,0,0,No landing light
2000-06-22,M20J,N201DD,SNA-OAK,,2.6,1,0,1,0,0,0,0,2.6,0,2.6,0,0,0,
2000-06-22,M20J,N201DD,OAK-PAO,,0.2,1,0,0,0,0,0,0,0,0,0.2,0,0,0,
2000-06-23,M20J,N201DD,PAO-SNA,,2.7,1,0,1.2,0,1,0,0,2.7,0,2.7,0,0,0,
2000-06-26,M20J,N201DD,SNA-RAL-EMT-SMO,,1.1,2,1,0,0,0,0.2,0,1.1,0,1.1,0,0,0,
2000-06-26,M20J,N201DD,SMO-SNA,,0.4,0,1,0,0,0,0.4,0,0,0,0.4,0,0,0,
2000-06-28,M20J,N201DD,SNA-POC,,0.4,1,0,0,0,0,0,0,0,0,0.4,0,0,0,
2000-06-28,M20J,N201DD,POC-SNA,,0.3,1,0,0,0,0,0,0,0,0,0.3,0,0,0,
2000-06-30,M20J,N201DD,SNA-PAO,,2.6,1,0,0,0,0,0,0,2.6,0,2.6,0,0,0,
2000-06-30,M20J,N201DD,PAO-CCR,,0.4,0,1,0,0,0,0.4,0,0.4,0,0.4,0,0,0,
2000-07-01,M20J,N201DD,CCR-SNA,,2.6,1,0,0,0,0,0,0,2.6,0,2.6,0,0,0,
2000-07-02,M20J,N201DD,SNA-LCL,,0.5,1,0,0,0,0,0,0,0,0,0.5,0,0,0,Warm-up for oil change
2000-07-02,M20J,N201DD,SNA-SMO,,0.5,1,0,0,0,0,0,0,0,0,0.5,0,0,0,
2000-07-02,M20J,N201DD,SMO-SNA,,0.4,1,0,0,0,0,0,0,0,0,0.4,0,0,0,
2000-07-03,M20J,N201DD,SNA-L52,,1.4,1,0,0,0,0,0,0,1.4,0,1.4,0,0,0,4th of July camping w/Jen
2000-07-04,M20J,N201DD,L52-SNA,,1.3,0,1,0,0,0,1.3,0,1.3,0,1.3,0,0,0,
2000-07-05,M20J,N201DD,SNA-LVK,,2.5,1,0,0,0,0,0,0,2.5,0,2.5,0,0,0,
2000-07-06,M20J,N201DD,LVK-Q40,,0.5,1,0,0,0,0,0,0,0.5,0,0.5,0,0,0,
2000-07-06,M20J,N201DD,Q40-OAK,,0.9,1,0,0,0,0,0,0,0.9,0,0.9,0,0,0,
2000-07-09,M20J,N201DD,OAK-Q40,,0.5,1,0,0,0,0,0,0,0.5,0,0.5,0,0,0,
2000-07-09,M20J,N201DD,Q40-SNA,,2.7,1,0,0,0,0,0,0,2.7,0,2.7,0,0,0,
2000-07-10,M20J,N201DD,SNA-PAO,,2.4,1,0,1,0,0,0,0,2.4,0,2.4,0,0,0,
2000-07-12,M20J,N201DD,PAO-SNA,,2.5,1,0,0,0,0,0,0,2.5,0,2.5,0,0,0,
2000-07-14,M20J,N201DD,SNA-POC,,0.4,1,0,0,0,0,0,0,0,0,0.4,0,0,0,
2000-07-14,M20E,N9324M,POC-SBA,,1.1,1,0,0,0,0,0,0,1.1,0,0,0,0,0,
2000-07-14,M20E,N9324M,SBA-POC,,1.1,1,0,0,0,0,0,0,1.1,0,0,0,0,0,
2000-07-14,M20J,N201DD,POC-LGB,,0.3,1,0,0,0,0,0,0,0,0,0.3,0,0,0,
2000-07-14,M20J,N201DD,LGB-POC-SNA,,0.6,0,2,0,0,0,0.6,0,0,0,0.6,0,0,0,
2000-07-16,M20J,N201DD,SNA-LAS,,1.6,1,0,0,0,0,0,0,1.6,0,1.6,0,0,0,
2000-07-17,M20J,N201DD,LAS-SNA,,1.8,1,0,0,0,0,0,0,1.8,0,1.8,0,0,0,
2000-07-19,M20J,N201DD,SNA-AVX,,0.4,1,0,0,0,0,0,0,0,0,0.4,0,0,0,
2000-07-19,M20J,N201DD,AVX-SNA,,0.4,1,0,0,0,0,0,0,0,0,0.4,0,0,0,
2000-07-22,M20J,N201DD,SNA-POC,,0.3,1,0,0,0,0,0,0,0,0,0.3,0,0,0,
2000-07-22,M20J,N201DD,POC-CCB-CRQ,,0.9,1,0,0,0,0,0,0,0.9,0,0.9,0,0,0,
2000-07-22,M20J,N201DD,CRQ-F70,,0.3,1,0,0,0,0,0,0,0,0,0.3,0,0,0,
2000-07-22,M20J,N201DD,F70-SNA,,0.6,0,1,0,0,0,0.6,0,0.6,0,0.6,0,0,0,
2000-07-23,M20J,N201DD,SNA-CMA-OXR-SNA,,1.8,1,0,0,0,0,0,0,1.8,0,1.8,0,0,0,
2000-07-23,M20J,N201DD,SNA-POC,,0.3,1,0,0,0,0,0,0,0,0,0.3,0,0,0,
2000-07-23,M20J,N201DD,POC-PSP,,1,1,0,0,0,0,0,0,1,0,1,0,0,0,
2000-07-23,M20J,N201DD,PSP-POC,,0.7,0,1,0,0,0,0.7,0,0.7,0,0.7,0,0,0,
2000-07-23,M20J,N201DD,POC-SNA,,0.3,0,1,0,0,0,0.3,0,0,0,0.3,0,0,0,
2000-07-24,M20J,N201DD,SNA-SBA,,1.1,1,0,0,0,0,0,0,1.1,0,1.1,0,0,0,
2000-07-24,M20J,N201DD,SBA-SNA,,0.9,0,1,0,0,0,0.9,0,0.9,0,0.9,0,0,0,
2000-07-25,M20J,N201DD,SNA-LCL,,0.2,1,0,0,0,0,0,0,0,0,0.2,0,0,0,Warm-up for oil change
2000-07-25,M20J,N201DD,SNA-HAF-PAO,,2.8,1,0,0,0,0,0,0,2.8,0,2.8,0,0,0,
2000-07-25,M20J,N201DD,PAO-HAF,,0.3,1,0,0,0,0,0,0,0,0,0.3,0,0,0,
2000-07-25,M20J,N201DD,HAF-PAO,,0.2,1,0,0,0,0,0,0,0,0,0.2,0,0,0,
2000-07-26,M20J,N201DD,PAO-DVO,,0.7,1,0,0,0,0,0,0,0.7,0,0.7,0,0,0,
2000-07-26,M20J,N201DD,DVO-O69,,0.2,1,0,0,0,0,0,0,0,0,0.2,0,0,0,
2000-07-26,M20J,N201DD,O69-DVO-SNA,,2.8,1,0,0,0,0,0,0,2.8,0,2.8,0,0,0,
2000-07-28,M20J,N201DD,SNA-LAS,,1.7,1,0,0,0,0,0,0,1.7,0,1.7,0,0,0,
2000-07-30,M20J,N201DD,LAS-SNA,,1.8,0,1,1.7,0,0,1.8,0,1.8,0,1.8,0,0,0,
2000-08-07,M20J,N201DD,SNA-O22,,2.3,1,0,0,0,0,0,0,2.3,0,2.3,0,0,0,
2000-08-08,M20J,N201DD,O22-LVK,,0.6,1,0,0,0,0,0,0,0.6,0,0.6,0,0,0,
2000-08-10,M20J,N201DD,LVK-SNA,,2.4,1,0,0,0,0,0,0,2.4,0,2.4,0,0,0,
2000-08-10,M20J,N201DD,SNA-BUR,,0.5,1,0,0,0,0,0,0,0,0,0.5,0,0,0,
2000-08-10,M20J,N201DD,BUR-SNA,,0.4,1,0,0,0,0,0,0,0,0,0.4,0,0,0,
2000-08-11,M20J,N201DD,SNA-LGB,,0.3,1,0,0,0,0,0,0,0,0,0.3,0,0,0,
2000-08-11,M20J,N201DD,LGB-SNA,,0.5,0,1,0,0,0,0.3,0,0,0,0.5,0,0,0,
2000-08-16,M20J,N201DD,SNA-POC-SNA,,0.6,0,2,0,0,0,0.5,0,0,0,0.6,0,0,0,
2000-08-17,M20J,N201DD,SNA-LGB,,0.3,1,0,0,0,0,0,0,0,0,0.3,0,0,0,
2000-08-17,M20J,N201DD,LGB-EMT,,0.3,1,0,0,0,0,0,0,0,0,0.3,0,0,0,
2000-08-17,M20J,N201DD,EMT-LGB,,0.3,1,0,0,0,0,0,0,0,0,0.3,0,0,0,
2000-08-17,M20J,N201DD,LGB-SNA,,0.3,1,0,0,0,0,0,0,0,0,0.3,0,0,0,
2000-08-18,M20J,N201DD,SNA-LCL,,0.4,1,0,0,0,0,0,0,0,0,0.4,0,0,0,
2000-08-18,M20J,N201DD,SNA-LCL,,0.3,1,0,0,0,0,0,0,0,0,0.3,0,0,0,
2000-08-21,M20J,N201DD,SNA-POC,,0.3,1,0,0,0,0,0,0,0,0,0.3,0,0,0,
2000-08-21,M20J,N201DD,POC-OAK,,2.6,1,0,0,0,0,0,0,2.6,0,2.6,0,0,0,
2000-08-22,M20J,N201DD,OAK-POC,,2.7,1,0,0,0,0,0,0,2.7,0,2.7,0,0,0,
2000-08-22,M20J,N201DD,POC-SNA,,0.2,1,0,0,0,0,0,0,0,0,0.2,0,0,0,
2000-08-23,M20J,N201DD,SNA-AJO,,0.4,1,0,0,0,0,0,0,0,0,0.4,0,0,0,
2000-08-23,M20J,N201DD,AJO-SNA,,0.3,1,0,0,0,0,0,0,0,0,0.3,0,0,0,
2000-08-23,M20J,N201DD,SNA-RAL,,0.4,1,0,0,0,0,0,0,0,0,0.4,0,0,0,
2000-08-23,M20J,N201DD,RAL-SNA,,0.3,1,0,0,0,0,0,0,0,0,0.3,0,0,0,
2000-08-24,M20J,N201DD,SNA-LGB,,0.3,1,0,0,0,0,0,0,0,0,0.3,0,0,0,
2000-08-24,M20J,N201DD,LGB-SNA,,0.3,0,1,0,0,0,0.3,0,0,0,0.3,0,0,0,
2000-08-26,M20J,N201DD,SNA-LVK,,2.3,1,0,0,0,0,0,0,2.3,0,2.3,0,0,0,
2000-08-27,M20J,N201DD,LVK-SNA,,2.5,1,0,0,0,0,0,0,2.5,0,2.5,0,0,0,
2000-09-01,M20J,N201DD,SNA-PAO,,2.6,1,0,2.3,0,1,0,0,2.6,0,2.6,0,0,0,
2000-09-02,M20J,N201DD,PAO-SNA,,2.4,1,0,2.1,0,0,0,0,2.4,0,2.4,0,0,0,
2000-09-06,M20J,N201DD,SNA-PAO,,2.3,1,0,0,0,0,0,0,2.3,0,2.3,0,0,0,
2000-09-07,M20J,N201DD,PAO-OAK,,0.3,1,0,0,0,0,0,0,0,0,0.3,0,0,0,BigBow meeting w/Karel Bekker
2000-09-07,M20J,N201DD,OAK-STS,,0.5,1,0,0,0,0,0,0,0.5,0,0.5,0,0,0,Camping and abalone diving w/Emily and Matt
2000-09-09,M20J,N201DD,STS-SNA,,2.9,1,0,0,0,0,0,0,2.9,0,2.9,0,0,0,
2000-09-12,M20J,N201DD,SNA-LCL,,0.5,1,0,0,0,0,0,0,0,0,0.5,0,0,0,
2000-09-13,M20J,N201DD,SNA-AVX,,0.5,1,0,0,0,0,0,0,0,0,0.5,0,0,0,Lunch w/Joanne & Jen
2000-09-13,M20J,N201DD,AVX-SNA,,0.7,1,0,0,0,0,0,0,0,0,0.7,0,0,0,Sightseeing along the coast
2000-09-16,M20J,N201DD,SNA-SMX,,1.2,1,0,0,0,0,0,0,1.2,0,1.2,0,0,0,Lunch w/Dad
2000-09-16,M20J,N201DD,SMX-LPC-IZA-SZP-SNA,,1.6,4,0,0,0,0,0,0,1.6,0,1.6,0,0,0,
2000-09-19,M20J,N201DD,SNA-LAS,,1.8,1,0,0,0,0,0,0,1.8,0,1.8,0,0,0,"Las Vegas w/Jen, Bruce, Brigitte"
2000-09-21,M20J,N201DD,LAS-SNA,,1.9,1,0,1,0,1,0,0,1.9,0,1.9,0,0,0,
2000-09-22,M20J,N201DD,SNA-POC,,0.6,1,0,0.6,0,1,0,0,0,0,0.6,0,0,0,"Picking up Jon, ILS 26L"
2000-09-22,M20J,N201DD,POC-PAO,,2.6,1,0,2.6,0,1,0,0,2.6,0,2.6,0,0,0,"Meetings for ivolio, GPS 31"
2000-09-22,M20J,N201DD,PAO-POC,,2.3,0,1,2.3,0,1,2.3,0,2.3,0,2.3,0,0,0,VOR-A
2000-09-22,M20J,N201DD,POC-SNA,,0.4,0,1,0.4,0,1,0.4,0,0,0,0.4,0,0,0,ILS 19R; no landing light
2000-09-23,M20J,N201DD,SNA-AJO,,0.4,1,0,0,0,0,0,0,0,0,0.4,0,0,0,"Aircraft Spruce w/Bruce, Brigitte"
2000-09-23,M20J,N201DD,AJO-SNA,,0.3,1,0,0,0,0,0,0,0,0,0.3,0,0,0,
2000-09-26,M20J,N201DD,SNA-LVK,,2.3,0,1,0,0,0,0.2,0,2.3,0,2.3,0,0,0,Engagement Party
2000-09-28,M20J,N201DD,LVK-SNA,,2.5,1,0,0.8,0,0,0,0,2.5,0,2.5,0,0,0,
2000-10-31,M20J,N201DD,SNA-SMO-SNA,,1,1,0,0,0,0,0,0,0,0,1,0,0,0,
2000-11-05,M20J,N201DD,SNA-PTV,,1.4,1,0,0,0,0,0,0,1.4,0,1.4,0,0,0,Lunch w/Dad
2000-11-05,M20J,N201DD,PTV-SNA,,1.2,1,0,0,0,0,0,0,1.2,0,1.2,0,0,0,
2000-11-22,M20J,N201DD,SNA-POC,,0.4,1,0,0,0,0,0,0,0,0,0.4,0,0,0,Ron
2000-11-22,M20J,N201DD,POC-AVX,,0.6,1,0,0,0,0,0,0,0.6,0,0.6,0,0,0,Lunch w/Jon & Ron
2000-11-22,M20J,N201DD,AVX-SNA,,0.4,1,0,0,0,0,0,0,0,0,0.4,0,0,0,
2000-11-23,M20J,N201DD,SNA-PAO,,2.5,1,0,0,0,0,0,0,2.5,0,2.5,0,0,0,Thanksgiving
2000-11-24,M20J,N201DD,PAO-SNA,,2.2,1,0,0,0,0,0,0,2.2,0,2.2,0,0,0,
2000-11-29,M20J,N201DD,SNA-RAL,,0.5,1,0,0,0,0,0,0,0,0,0.5,0,0,0,Ron
2000-11-29,M20J,N201DD,RAL-POC,,0.3,1,0,0,0,0,0,0,0,0,0.3,0,0,0,Jon's hangar
2000-11-29,M20J,N201DD,POC-SNA,,0.4,0,1,0,0,0,0.4,0,0,0,0.4,0,0,0,
2000-12-03,M20J,N201DD,SNA-OAK,,2.4,1,0,0.2,0,0,0,0,2.4,0,2.4,0,0,0,IFR to VFR on top
2000-12-06,M20J,N201DD,OAK-FUL,,2.6,0,1,0.4,0,0,2.6,0,2.6,0,2.6,0,0,0,"SNA closed, flew to FUL; IFR around AVE-LHS"
2000-12-07,M20J,N201DD,FUL-SNA,,0.3,1,0,0,0,0,0,0,0,0,0.3,0,0,0,
2000-12-11,C182P,N6594M,SNA-F70-SNA,,1.4,0,0,0,0,0,0,0,0,0,0,0,0,0,Lunch w/Ron
2000-12-14,M20J,N201DD,SNA-APV,,0.7,1,0,0,0,0,0,0,0.7,0,0.7,0,0,0,Lunch w/Jen
2000-12-14,M20J,N201DD,APV-SNA,,0.6,1,0,0.4,0,1,0,0,0.6,0,0.6,0,0,0,ILS 19R
2000-12-15,M20J,N201DD,SNA-POC-CCB,,0.5,2,0,0,0,0,0,0,0,0,0.5,0,0,0,Giving Jon a ride to pick up 24M
2000-12-15,M20J,N201DD,CCB-SNA,,0.4,0,1,0,0,0,0.1,0,0,0,0.4,0,0,0,
2000-12-17,M20J,N201DD,SNA-RAL,,0.4,1,0,0,0,0,0,0,0,0,0.4,0,0,0,Pilot shop
2000-12-17,PA22-135,N3373A,RAL-TNP,,0.7,1,0,0,0,0,0,0,0.7,0,0.7,0,0,0,"Formed up with 24M, which had an electrical failure"
2000-12-17,M20J,N201DD,TNP-L22,,0.4,1,0,0,0,0,0,0,0,0,0.4,0,0,0,"Picking up Jon, Jason at Yucca Valley"
2000-12-17,M20J,N201DD,L22-RAL,,0.5,0,1,0,0,0,0.5,0,0.5,0,0.5,0,0,0,Dropping off Jason
2000-12-17,M20J,N201DD,RAL-POC-SNA,,0.6,0,2,0,0,0,0.6,0,0,0,0.6,0,0,0,Dropping off Jon
2000-12-18,M20J,N201DD,SNA-CCB,,0.4,1,0,0,0,0,0,0,0,0,0.4,0,0,0,Picking up Jonnnnnnnnnnnnnnnnnnnnnnnnnnnnnnnnnnnnnnnnnnnnnnnnnnnnnnnnnnnnnnnnnnnnnnnmmmmmmmmmmmmmmmmmm
2000-12-18,M20J,N201DD,CCB-L22,,0.7,1,0,0,0,0,0,0,0.7,0,0.7,0,0,0,Formation w/N6594M
2000-12-18,M20J,N201DD,L22-CCB,,0.8,1,0,0,0,0,0,0,0.8,0,0.8,0,0,0,Formation w/N6594M and N9324M
2000-12-18,M20J,N201DD,CCB-SNA,,0.3,1,0,0,0,0,0,0,0,0,0.3,0,0,0,Landed 1L
2000-12-22,M20J,N201DD,SNA-LVK,,2.6,0,1,0,0,0,1,0,2.6,0,2.6,0,0,0,
2000-12-23,M20J,N201DD,LVK-PAO,,0.3,1,0,0,0,0,0,0,0,0,0.3,0,0,0,
2000-12-23,M20J,N201DD,PAO-LVK,,0.3,0,1,0,0,0,0.3,0,0,0,0.3,0,0,0,
2000-12-26,M20J,N201DD,LVK-SNA,,2.3,0,1,0,0,0,2.3,0,2.3,0,2.3,0,0,0,
2001-01-02,M20K/231,N2FR,pao-s03,,1.8,1,0,0,0,0,0,0,1.8,0,1.8,0,0,0,Ashland
2001-01-02,M20K/231,N231DW,S03-chd,,10,1,0,0,0,0,9,0,1,0,10,0,0,0,long flight
2001-01-08,PA22-135,N3373A,SFM-PSM-SFM,,0.8,4,0,0,0,0,0,0,0,0,0.8,0,0,0,Touch and Goes at PSM
2001-04-12,C152,N6143Q,SFM-,,1.2,1,0,0,0,0,0,0,0,1,1.2,0,0,0,
2001-04-20,C152,N46439,CVO -CVO,,1.5,8,0,0,0,0,0,0,0,0,1.5,0,0,0,
2001-06-01,C177RG,N1928Q,SQL-TCY-SQL,,0.9,2,0,0,0,0,0,0,0,0,0.9,0,0,0,Haley Flying Service
2001-06-04,C177RG,N1928Q,SQL-AND OPA,,12,1,0,0,0,0,0,0,0,0,12,0,0,0,
2001-06-07,M20K/231,N231DW,Kmyf-ksmx,,2.1,1,0,0,0,0,0,0,2.1,0,2.1,0,0,2.1,"w/Alan Thayer, commercial XC"
2001-06-17,Other Multi,N00002,KSNA-LCL,,104.2,70,12,11.8,4.2,0,18.1,2.8,78.3,0,104.2,0,9.5,0,
2001-08-07,M20J,N201DD,BDL-igx,,5.4,1,0,0,0,0,0,0,5.4,0,5.4,0,0,0,
2001-09-08,Flyer,TF-AGN,biis-biis,,1,5,0,0,0,0,0,0,1,0,1,0,0,0,
2001-09-08,RV-6A,N86CG,ETB local,,2.1,1,0,1.8,0,6,0,0,0,2.1,2.1,0,0,0,IFR solo practice with ~1500' ceiling
2001-09-23,C172N,N1009F,F54,,1.2,2,0,0,0,0,0,0,0,1.2,1.2,0,0,0,Local
2001-10-23,C172N,N734XY,ETB LOCAL-,,1,1,0,0,0,0,0,0,0,0,1,0,0,0,
2001-11-11,C42,OE-7040,LOAS LOCAL,,0.8,9,0,0,0,0,0,0,0,0,0.8,0,0,0,Landing Exercise
2001-11-13,C172P,N52546,JQF-JQF,,1.1,1,0,0,0,0,0,0,0,0,0,0,1.1,0,checkride prep
2001-11-14,PA28-161,N9088D,BED-BED,,1.5,0,3,0,1.1,3,1.5,0,0,0,1.5,0,0,0,
2001-11-14,PA28-161,N9088D,I69-LUK-ISZ-I69,,1.2,3,0,0.1,0.8,3,0,0,0,0,1.2,0,1.2,0,"ils 21L@LUK, VOR 24@ISZ, NDB22@I69, Hold at PWF"
2001-11-14,C210L,N99GB,CLE-SKY,,2,1,0,0,0,0,0,0,2,0,2,0,0,0,nonw
2001-11-14,S-2C,N312PS,SFB-SFB,,0.9,1,0,0,0,0,0,0,0.9,0.9,0.9,0,0,0,"Vertical rolls, inverted snap rolls, spin demos, stall series"
2002-01-28,A2,N6369V,JQF-FQD-HKY-JQF,,1.9,3,0,0,0,0,0,0,1.9,0,1.9,0,1.9,0,"VOR tracking, pilotage, normal T0/LNDS"
2002-02-02,C150,N700MS,EGNR - EGKB,,1.5,1,0,0,0,0,0,0,0,0,1.5,0,0,0,
2002-02-05,S108,N9666K,GTU - Local,,1.5,2,0,0,0,0,0,0,0,1.5,1.5,0,0,0,Flight over Lake Travis
2002-04-28,PA28-140,N6112W,LOCAL-,,1.2,4,0,0,0,0,0,0,0,1.2,1.2,0,0,0,
2002-05-20,PA28-140,N6112W,LOCAL-FAR-LOCAL,,2,1,0,0,0,0,0,0,2,1,2,0,0,0,
2002-06-15,s-72,N152AE,Bfi-bfi,,5.5,12,6,0,0,0,2.1,0,2.5,0,2.5,0,2.5,0,
2002-07-05,PA44-180,N438PA,DVT-DVT,,1,2,0,0,0,1,0,0,0,0,0,0,1,0,"Multi maneuvers and approaches, sgl eng"
2002-08-05,PA44-180,N438PA,local,,20,1,0,0,0,0,0,0,0,0,20,0,0,0,inverted landing pattern but broke strobe on top of tail before go-around - bummer
2002-09-02,R172K,N736TY,LOCAL-,,1,1,0,0,0.5,2,0,0,0,0,1,0,0,0,
2002-11-07,C172S,N951SP,LOCAL-,,1,1,0,0,0.8,1,0,0,1,0,1,0,0,1,ils 20 & holding @ cdc
2002-11-29,C172M,9621V,mas thn ehbk,,1.8,0,1,0,0,0,1.6,0,1.8,1.8,1.8,0,0,0,Weekend getaway
2002-11-29,PA28-181,N17762,ABE TO TGI-,,0.6,1,0,0,0,0,0,0,0.6,0.6,0.6,0,0,0,
2002-12-02,PA28-181,N17762,ABE TO TGI-,,1.5,2,0,0,0.8,2,0,0,0,0,1.5,0,1.5,0,
2002-12-10,C172N,N4973F,ABE TO TGI-,,3,2,0,0,0,0,0,0,3,0,3,0,0,0,
2002-12-16,C172N,N4973F,TTD to TTD,,1.2,2,0,0,0,0,0,0,0,0,1.2,0,0,0,
2003-01-23,C172N,N4973F,TTD TO TTD-,,1.5,2,4,1.5,0,5,1,0,0,1.5,1.5,0,0,0,
2003-03-04,King Air,923329,NXX-FOE-SLI,,9.5,1,1,2,0,2,2,0,9.5,0,9.5,0,0,0,
2003-04-01,C172N,N4973F,TTD TO TTD-,,4,2,0,3,3,0,0,0,0,0,4,0,0,0,
2003-06-14,C210,VH-DQZ,YRED-YHBY-YRED,,1.5,2,0,0,0,0,0,0,1.5,0,1.5,0,0,0,Have W Pennell sign Franking Dividend Papers
2003-07-26,B52H,61-040002,Minot-Baghdad-Minot,,27,1,0,8,0,1,10,0,27,0,27,0,0,0,Bombing Run
2003-08-08,B52H,61-040002,pdk-wdr-pdk,,1.7,2,0,0,0.9,2,0,0,0,0,1.7,0,1.7,0,loc approach @ wdr
2003-08-12,7ECA,N5054B,pao-sns-pao,,2,2,0,0,0,0,0,0,2,0,2,0,0,0,
2003-08-28,T210M,N6615B,EUL-puw,,13,1,0,0,0,0,0,0,13,0,13,0,0,0,
2003-11-02,T210M,N6615B,PUW-Local,,1.3,1,0,0,0,0,0,0,0,0,1.3,0,0,0,
2003-11-03,7ECA,N5054B,PAO-HAF-PAO,,2.5,4,1,0,0,0,0.5,0,0,0,2.5,0,2.5,0,
2003-11-05,C150,N9868J,KOSU-KDLZ-KOSU,,0.8,5,0,0,0,0,0,0,0,0.8,0.8,0,0,0,T&Gs
2003-11-12,PA28-181,N929PA,DVT-DVT,,2,5,0,0,0,3,0,0,0,0,2,0,2,0,
2004-01-09,F-15C,79008TY,pam-pam,,1.4,1,0,1,0,1,0,0,0,0,1.4,0,0,0,
2004-01-09,F/A-18C,165399,CV68-CV68,,6.4,0,1,5.8,0,2,5.8,0,0,0,6.4,0,0,0,Short Landing Practice !
2004-01-17,BE58,N158BB,TEB-ILM,,3.3,1,0,0,0,0,0,0,3.3,0,3.3,0,0,0,Florida Trip
2004-03-30,MD-80,AAL#5,ILM-pit,,2.3,0,1,1,0,1,2.3,0,2.3,0,2.3,0,0,0,
2004-04-02,J3C-65,N2197M,sle 7s5,,0.5,1,0,0,0,0,0,0,0,0,0.5,0,0,0,breakfast
2004-04-10,PA28-161,N9205G,CKN-JMS-FAR-CKN,,3,8,0,0,0,0,0,0,3,3,3,0,0,0,First Solo XC for RMB0741
2004-05-01,C172N,N3173E,CKN-123-456,,3.2,5,0,0,0,0,0,0,3.2,3.2,3.2,0,0,0,test remarks one two three
2004-05-11,172 Float,N59191,PPP,,1,2,0,0,0,0,0,0,0,0,1,0,1,0,
2004-05-14,C172N,N3173E,456-,,1,0,0,0,0,0,0,0,0,0,1,0,0,0,How much text can you put in this box??
2004-05-19,C150M,N6321K,MQY,,1.2,1,0,0,0,0,0,0,0,1.2,1.2,0,0,0,
2004-06-09,PA28-161,81017,GFK-AXN,,1.5,2,0,0,0,0,0,0,0,0,1.5,0,0,0,
2004-07-15,SR22,N716DR,MCD-OXC,,3.7,1,0,1.5,0,1,0,0,3.7,0,3.7,0,0,0,
2004-07-15,SR22,N716DR,OXC-,,1,0,0,0,0,1,0,0,0,0,1,0,0,0,
2004-08-15,C170,N1234,DUC-DUX-LBB-DUC,,5.7,3,0,0,0,0,0,0,5.7,5.7,5.7,0,0,0,
2004-08-16,C170B,N3470C,DUC-DUX-LBB-DUC,,2,0,0,2,0,3,2,0,0,0,2,0,0,0,
2004-08-16,PA28-161,N102ND,DUC-DUX,,3,0,4,0.5,0,0,3,0,0,0,3,0,0,0,
2004-08-29,DA20-C1-Eclipse,N765DC,GRR-GRR,,1,1,0,0,0,0,0,0,0,0,1,0,1,0,
2004-09-09,C1900,N2100,OWD-LCL,,1.4,1,0,0,1.2,1,0,0,0,0,1.4,0,1.4,0,"Instrument attitude flying, turns, climbs, unusual attitudes, steep turns, localizer 35"
2004-09-12,PA28-161,N4299L,owd pvd owd,,1.4,2,0,0,1,4,0,0,0,0,1.4,0,1.4,0,DME ARC to: VOR/DME 34 PVD; ILS 23 PVD; LOC35 OWD
2004-10-14,Z-143,4X-CYK,OWD PVD OWD-,,1,2,1,1,0,2,1,0,0,1,1,0,0,1,
2004-10-17,PA28-161,N4299L,OWD PVD OWD-,,1.2,3,0,0,0,0,0,0,1.2,1.2,1.2,0,0,0,
2004-10-17,C206,YV1389P,SVCS SVDA SVCS,,2,2,0,0,0,0,0,0,2,0,2,0,0,0,La Tortuga
2004-10-28,MD-80,AAL#5,tpa-eyw,,1,1,0,0,0,0,0,0,1,1,1,0,0,0,
2004-12-07,C414,C-GVCI,EYW-,,2.1,0,0,0,0,0,0,0,0,0,2.1,0,0,0,
2004-12-13,RV-7,N714D,CNO-LCL,,1.2,1,0,0,0,0,0,0,0,0,1.2,0,0,0,"Cubans, loops, rolls, etc."
2004-12-16,RV-6,N62453L,CMA - VNY - CMA,,2,3,0,0,0,0,0,0,0,2,2,0,0,0,"STEEP TURNS, STALLS, SPINS, EMERGENCY PROCEDURES"
2004-12-28,PA28-161,OO-JAG,RYN,,1.7,0,0,0,0,0,0,0,0,0,1.7,0,0,1.7,
2005-01-01,PA28R-200,3,MIC-MIC,,0.7,1,0,0,0.5,1,0,0,0,0,0.7,0,0,0,"Hold, 3 turns, VOR A w/ procedure turn"
2005-01-14,PA28R-200,C-GOZE,MIC-,,25,5,5,6,0,6,5,0,0,0,25,0,0,20,iytyutyu
2005-01-20,C206,YV1389P,SVCS-SVBC,,3.5,1,0,0,0,0,0,0,0,0.5,0.5,0,3,0,
2005-02-06,C152,N49185,PVD - UUU - PVD,,1.2,4,0,0,0,0,0,0,0,1.2,1.2,0,0,0,2nd Solo - Lesson 12
2005-02-09,RV-6,N136F,FNL-DEN-FNL,,1.8,2,0,0,0,0,0,0,1.8,0,1.8,0,0,1.8,Tower Instruction to Dad
2005-02-09,DC10,N1030B,KLAX - PHOG - KLAX,,11.6,1,1,0.6,0,2,2.7,0,11.6,0,11.6,0,0,0,
2005-02-11,BH12,N212KA,KLAX-CYGE,,8.3,5,0,0,0,0,0,0,0,0,8.3,0,0,0,
2005-03-04,King Air,923329,NXX-FTK-MGE-NXX,,6.7,2,1,0.5,0,3,2,0,6.7,0,6.7,0,0,0,
2005-03-08,R172K,N758MR,0W4-MIC,,0.7,1,0,0,0,0,0,0,0.7,0,0.7,0,0,0,
2005-03-08,R172K,N758MR,0W4-MIC,,0.7,1,0,0,0,0,0,0,0.7,0,0.7,0,0,0,
2005-03-11,R172K,N758MR,VGT-IGM-VGT,,1,1,1,0.2,0,1,0.5,0,0.5,0,1,0,0,0,
2005-03-12,SR22,N78CD,KBMG-KEVV,,1.2,2,0,0,0.5,3,0,0,0,0,1.2,0,0,0,
2005-04-11,CH 601,DE-,EDTS-EDBP,,4,1,0,0,0,0,0,0,0,0,1,0,0,0,
2005-04-24,Vision,N226BF,local,,1.2,3,0,0,0,0,0,0,0,0,1.2,0,0,0,
2005-04-27,C172R,N671DW,KASH-KSMQ,,2.5,1,0,0,0,0,0,0,2.5,0,2.5,0,0,0,NJ RULES!!!
2005-04-30,Europa,N841E,KVRB-YSYD,,22,122,23,11,0,7,11,0,22,0,22,0,0,22,Mile Hight Club
2005-05-12,BE40,95-065,kmsp-kpie,,3.7,1,0,1,0,1,0,0,3.7,0,3.7,0,0,3.7,
2005-05-31,C177RG,N53257,KMLB-4A7,,3.2,1,0,1.1,0,1,0,0,3.2,0,3.2,0,0,0,
2005-06-16,PA28-161,G-BNTD,EGTR-EGTR,,1.8,1,0,0,0,0,0,0,0,0,1.8,0,0,0,It was a lovely day in June
2005-06-25,BH212,5410N,KOUN-KPWA-KOKC-KOUN,,5,3,0,0,0,0,0,0,0,0,5,0,0,0,
2005-08-10,C208B,HP1355APP,EDBP-,,1.1,1,3,0.6,0.5,4,0.7,0,0.2,0,1.1,0,0,1.1,asdfasd
2005-08-30,PA28R-201,N410PA,EDBP-,,2,3,0,0,0,0,0,0,0,0,2,0,2,0,
2005-09-15,DR10,PH-MGA,EHLE-LFNA,,4.3,1,0,0,0,1,0,0,4.3,0,4.3,0,0,0,Virtual flight
2005-09-19,SGS 2-32,N2472W,EDBP-,,0.6,1,0,0,0,0,0,0,0,0,0.6,0,0.6,0,Glider intro flight
2005-09-19,PA28-181,ZK-FJT,NZHS-NZTG,,1.6,1,0,0,0,0,0,0,1.6,0,1.6,0,0,0,6500 feet CVFR
2005-09-24,BE76,N3724H,KRHV-RMRY-E16-RKHV,,1,3,0,0,0,0,0,0,1,1,1,0,0,0,goofing around
2005-10-10,BE76,N3724H,RKHV-KSEX,,3,1,0,2,0,1,0,0,3,0,3,0,0,0,Whicked awesome
2005-10-26,Frasca 142,FRASCA142,KVRB,,1.5,1,0,0,0,0,0,1.5,0,0,0,0,1.5,0,
2005-10-26,C1900,N2100,KVRB-,,1,0,0,0,0,0,0,0,0,0,1,0,0,0,
2005-11-05,BA46,G-JEAS,KVRB-,,1,0,0,0,0,0,0,0,0,0,1,0,0,0,
2005-11-24,C208B,S93546,REAL TIME TO JAPAN-,,6,3,0,0,0,0,0,0,0,0,6,0,0,0,
2005-11-30,C172,C-GCAG,REAL TIME TO JAPAN-,,1.2,3,1,0.2,0,2,0.4,0.1,0,0,1.2,0,0,0,
2005-12-03,C208B,S93546,REAL TIME TO JAPAN-,,6,3,0,0,0,0,0,0,0,0,6,0,0,0,Quick lunch trip for some sushi
2005-12-13,RV-6,N30JB,0G7 KMQI,,3.1,1,0,0.8,0,1,0,0,3.1,0,3.1,0,0,0,vor 17
2005-12-31,MQ-1B (Armed),17RS-O.F.,ful - emt - ont - sna,,36,15,12,5,13,9782,16,0,36,0,36,0,0,0,Hi Mom!!!
2005-12-31,C208B,S93546,Real time to Japan,,26,1,0,0,0,0,12,0,0,0,26,0,0,0,Joe Shebell Rocks!!!!
2006-02-05,RV-7,N122CV,KABE KSMQ KOXC-,,2,1,0,0,0,1,0,0,2,0,2,0,0,0,Business ATL
2006-02-24,C152,4X-CGX,LLMG,,1,4,0,0,0,0,0,0,0,0,1,0,1,0,
2006-03-05,C152,SCZ,LLMG-tki,,2.2,1,0,0.3,0,1,0,0,0,0,2.2,0,0,0,
2006-04-14,J3C-65,N1141V,TKI-EGLD,,5,1,0,0,0,0,0,0,0,0,2,0,0,0,long hual
2006-04-16,C172M,N82499,i93-bak-i83,,1.6,2,0,0,0.9,1,0,0,0,1.6,1.6,0,0,0,
2006-05-04,C172S,N691SA,ONZ TOL ONZ,,1.1,2,0,0,0,0,0,0,1.1,1.1,1.1,0,0,0,Very Gusty.. Winds 30012G17 Used Rwy 35 ONZ
2006-05-09,AH-64D,00-05122,BAGHDAD AO,,8.3,7,3,0,0,0,4.3,0,0,0,8.3,0,0,0,Haji Hunting. Dirka Dirka
2006-07-10,PA28-140,N5579U,1G0-1G0,,0.4,3,0,0,0,0,0,0,0,0.4,0.4,0,0,0,
2006-07-13,C150,9240U,1G0-,,330,0,0,0,0,0,0,0,0,0,330,0,0,0,
2006-07-16,R22BII,N556SH,mcc-myv-aun-lhm-mcc,,1.9,5,0,0,1.7,4,0,0,1.9,0,1.9,0,1.9,0,ils 14. gps 7 gps 15. vor 16.
2006-07-18,RV-6A,N7YE,WS17-WS17,,0.5,0,0,0,0,0,0,0,0,0,0,0.5,0.5,0,EAA Air Academy Intro Flight
2006-08-03,R22BII,N556SH,MCC-,,1,3,0,0,0.5,0,0,0,0,0,1,0,0,0,
2006-10-02,RV-7,N122CV,ORL-DEN-LAS,,8.2,1,1,1.5,0.2,2,0,0,8.2,0,8.2,0,0,0,
2006-10-05,RV-7,N122CV,LAS-LAX,,3.6,0,2,0,0.3,1,3.6,0,0,3.6,3.6,0,0,0,
2006-10-07,C172M,N226JA,TMB-X51-TMB,,1.4,3,0,0,0,0,0,0,0,0,1.4,0,1.4,0,"Ground reference, climbs, turns, descents"
2006-10-16,C172N,N4930G,DAW-PSM-SFM-DAW,,1.1,1,0,0,0.8,2,0,0,0,0,1.1,0,0,0,"ILS 34 w/full map @ PSM, Hold at Rochs, Full GPS 33 @ DAW"
2006-10-22,CL65,N617QX,DEN-DAY-DEN-FAT,,7.8,1,2,0,0,0,4.5,0,7.8,0,7.8,0,0,0,
2006-11-05,SR20,N263HB,GEU-SDL-GEU,,0.2,0,1,0,0,0,0.2,0,0,0,0.2,0,0.2,0,CFI DUAL NF
2006-11-13,B1900D,N5YV,FAJS -> FACT,,4,1,0,2.5,0,1,0,0,4,0,4,4,0,0,
